date,holiday,Exam,Lockdown
1/1/17,Christmas Break,0,0
1/2/17,Christmas Break,0,0
1/3/17,Christmas Break,0,0
1/4/17,Christmas Break,0,0
1/5/17,Christmas Break,0,0
1/6/17,Christmas Break,0,0
1/7/17,,0,0
1/8/17,,0,0
1/9/17,,0,0
1/10/17,,0,0
1/11/17,,0,0
1/12/17,,0,0
1/13/17,,0,0
1/14/17,,0,0
1/15/17,,0,0
1/16/17,,1,0
1/17/17,,1,0
1/18/17,,1,0
1/19/17,,1,0
1/20/17,,1,0
1/21/17,,1,0
1/22/17,,1,0
1/23/17,,1,0
1/24/17,,1,0
1/25/17,,1,0
1/26/17,,1,0
1/27/17,,1,0
1/28/17,,1,0
1/29/17,,1,0
1/30/17,,1,0
1/31/17,,1,0
2/1/17,,1,0
2/2/17,,1,0
2/3/17,,1,0
2/4/17,,0,0
2/5/17,,0,0
2/6/17,,0,0
2/7/17,,0,0
2/8/17,,0,0
2/9/17,,0,0
2/10/17,,0,0
2/11/17,,0,0
2/12/17,,0,0
2/13/17,,0,0
2/14/17,,0,0
2/15/17,,0,0
2/16/17,,0,0
2/17/17,,0,0
2/18/17,,0,0
2/19/17,,0,0
2/20/17,,0,0
2/21/17,,0,0
2/22/17,,0,0
2/23/17,,0,0
2/24/17,,0,0
2/25/17,,0,0
2/26/17,,0,0
2/27/17,,0,0
2/28/17,,0,0
3/1/17,,0,0
3/2/17,,0,0
3/3/17,,0,0
3/4/17,,0,0
3/5/17,,0,0
3/6/17,,0,0
3/7/17,,0,0
3/8/17,,0,0
3/9/17,,0,0
3/10/17,,0,0
3/11/17,,0,0
3/12/17,,0,0
3/13/17,,0,0
3/14/17,,0,0
3/15/17,,0,0
3/16/17,,0,0
3/17/17,,0,0
3/18/17,,0,0
3/19/17,,0,0
3/20/17,,0,0
3/21/17,,0,0
3/22/17,,0,0
3/23/17,,0,0
3/24/17,,0,0
3/25/17,,0,0
3/26/17,,0,0
3/27/17,,1,0
3/28/17,,1,0
3/29/17,,1,0
3/30/17,,1,0
3/31/17,,1,0
4/1/17,,1,0
4/2/17,,1,0
4/3/17,,1,0
4/4/17,,1,0
4/5/17,,1,0
4/6/17,,1,0
4/7/17,,1,0
4/8/17,,1,0
4/9/17,,1,0
4/10/17,,1,0
4/11/17,,1,0
4/12/17,,1,0
4/13/17,,1,0
4/14/17,Easter,0,0
4/15/17,,0,0
4/16/17,Easter,0,0
4/17/17,Easter,0,0
4/18/17,,0,0
4/19/17,,0,0
4/20/17,,0,0
4/21/17,,0,0
4/22/17,,0,0
4/23/17,,0,0
4/24/17,,0,0
4/25/17,,0,0
4/26/17,,0,0
4/27/17,Kingsday,0,0
4/28/17,,0,0
4/29/17,,0,0
4/30/17,,0,0
5/1/17,,0,0
5/2/17,,0,0
5/3/17,,0,0
5/4/17,,0,0
5/5/17,Liberation Day,0,0
5/6/17,,0,0
5/7/17,,0,0
5/8/17,,0,0
5/9/17,,0,0
5/10/17,,0,0
5/11/17,,0,0
5/12/17,,0,0
5/13/17,,0,0
5/14/17,,0,0
5/15/17,,0,0
5/16/17,,0,0
5/17/17,,0,0
5/18/17,,0,0
5/19/17,,0,0
5/20/17,,0,0
5/21/17,,0,0
5/22/17,Flexible Break,0,0
5/23/17,Flexible Break,0,0
5/24/17,Flexible Break,0,0
5/25/17,Ascension Day,0,0
5/26/17,Flexible Break,0,0
5/27/17,Flexible Break,0,0
5/28/17,Flexible Break,0,0
5/29/17,Flexible Break,0,0
5/30/17,Flexible Break,0,0
5/31/17,Flexible Break,0,0
6/1/17,,0,0
6/2/17,,0,0
6/3/17,,0,0
6/4/17,Whit,0,0
6/5/17,Whit,0,0
6/6/17,,0,0
6/7/17,,0,0
6/8/17,,0,0
6/9/17,,0,0
6/10/17,,0,0
6/11/17,,0,0
6/12/17,,1,0
6/13/17,,1,0
6/14/17,,1,0
6/15/17,,1,0
6/16/17,,1,0
6/17/17,,1,0
6/18/17,,1,0
6/19/17,,1,0
6/20/17,,1,0
6/21/17,,1,0
6/22/17,,1,0
6/23/17,,1,0
6/24/17,,1,0
6/25/17,,1,0
6/26/17,,1,0
6/27/17,,1,0
6/28/17,,1,0
6/29/17,,1,0
6/30/17,,1,0
7/1/17,,1,0
7/2/17,,1,0
7/3/17,,1,0
7/4/17,,1,0
7/5/17,,1,0
7/6/17,,1,0
7/7/17,,1,0
7/8/17,,1,0
7/9/17,,1,0
7/10/17,,1,0
7/11/17,,1,0
7/12/17,,1,0
7/13/17,,1,0
7/14/17,,1,0
7/15/17,,0,0
7/16/17,,0,0
7/17/17,Summer Vacation,0,0
7/18/17,Summer Vacation,0,0
7/19/17,Summer Vacation,0,0
7/20/17,Summer Vacation,0,0
7/21/17,Summer Vacation,0,0
7/22/17,Summer Vacation,0,0
7/23/17,Summer Vacation,0,0
7/24/17,Summer Vacation,0,0
7/25/17,Summer Vacation,0,0
7/26/17,Summer Vacation,0,0
7/27/17,Summer Vacation,0,0
7/28/17,Summer Vacation,0,0
7/29/17,Summer Vacation,0,0
7/30/17,Summer Vacation,0,0
7/31/17,Summer Vacation,0,0
8/1/17,Summer Vacation,0,0
8/2/17,Summer Vacation,0,0
8/3/17,Summer Vacation,0,0
8/4/17,Summer Vacation,0,0
8/5/17,Summer Vacation,0,0
8/6/17,Summer Vacation,0,0
8/7/17,Summer Vacation,0,0
8/8/17,Summer Vacation,0,0
8/9/17,Summer Vacation,0,0
8/10/17,Summer Vacation,0,0
8/11/17,Summer Vacation,0,0
8/12/17,Summer Vacation,0,0
8/13/17,Summer Vacation,0,0
8/14/17,Summer Vacation,0,0
8/15/17,Summer Vacation,0,0
8/16/17,Summer Vacation,0,0
8/17/17,Summer Vacation,0,0
8/18/17,Summer Vacation,0,0
8/19/17,Summer Vacation,0,0
8/20/17,Summer Vacation,0,0
8/21/17,Summer Vacation,0,0
8/22/17,Summer Vacation,0,0
8/23/17,Summer Vacation,0,0
8/24/17,Summer Vacation,0,0
8/25/17,Summer Vacation,0,0
8/26/17,Summer Vacation,0,0
8/27/17,Summer Vacation,0,0
8/28/17,Summer Vacation,0,0
8/29/17,Summer Vacation,0,0
8/30/17,Summer Vacation,0,0
8/31/17,Summer Vacation,0,0
9/1/17,Summer Vacation,0,0
9/2/17,,0,0
9/3/17,,0,0
9/4/17,,0,0
9/5/17,,0,0
9/6/17,,0,0
9/7/17,,0,0
9/8/17,,0,0
9/9/17,,0,0
9/10/17,,0,0
9/11/17,,0,0
9/12/17,,0,0
9/13/17,,0,0
9/14/17,,0,0
9/15/17,,0,0
9/16/17,,0,0
9/17/17,,0,0
9/18/17,,0,0
9/19/17,,0,0
9/20/17,,0,0
9/21/17,,0,0
9/22/17,,0,0
9/23/17,,0,0
9/24/17,,0,0
9/25/17,,0,0
9/26/17,,0,0
9/27/17,,0,0
9/28/17,,0,0
9/29/17,,0,0
9/30/17,,0,0
10/1/17,,0,0
10/2/17,,0,0
10/3/17,,0,0
10/4/17,,0,0
10/5/17,,0,0
10/6/17,,0,0
10/7/17,,0,0
10/8/17,,0,0
10/9/17,,0,0
10/10/17,,0,0
10/11/17,,0,0
10/12/17,,0,0
10/13/17,,0,0
10/14/17,,0,0
10/15/17,,0,0
10/16/17,,0,0
10/17/17,,0,0
10/18/17,,0,0
10/19/17,,0,0
10/20/17,,0,0
10/21/17,,0,0
10/22/17,,0,0
10/23/17,,0,0
10/24/17,,0,0
10/25/17,,0,0
10/26/17,,0,0
10/27/17,,0,0
10/28/17,,0,0
10/29/17,,0,0
10/30/17,,1,0
10/31/17,,1,0
11/1/17,,1,0
11/2/17,,1,0
11/3/17,,1,0
11/4/17,,1,0
11/5/17,,1,0
11/6/17,,1,0
11/7/17,,1,0
11/8/17,,1,0
11/9/17,,1,0
11/10/17,,1,0
11/11/17,,0,0
11/12/17,,0,0
11/13/17,,0,0
11/14/17,,0,0
11/15/17,,0,0
11/16/17,,0,0
11/17/17,,0,0
11/18/17,,0,0
11/19/17,,0,0
11/20/17,,0,0
11/21/17,,0,0
11/22/17,,0,0
11/23/17,,0,0
11/24/17,,0,0
11/25/17,,0,0
11/26/17,,0,0
11/27/17,,0,0
11/28/17,,0,0
11/29/17,,0,0
11/30/17,,0,0
12/1/17,,0,0
12/2/17,,0,0
12/3/17,,0,0
12/4/17,,0,0
12/5/17,,0,0
12/6/17,,0,0
12/7/17,,0,0
12/8/17,,0,0
12/9/17,,0,0
12/10/17,,0,0
12/11/17,,0,0
12/12/17,,0,0
12/13/17,,0,0
12/14/17,,0,0
12/15/17,,0,0
12/16/17,,0,0
12/17/17,,0,0
12/18/17,,0,0
12/19/17,,0,0
12/20/17,,0,0
12/21/17,,0,0
12/22/17,,0,0
12/23/17,,0,0
12/24/17,,0,0
12/25/17,Christmas Break,0,0
12/26/17,Christmas Break,0,0
12/27/17,Christmas Break,0,0
12/28/17,Christmas Break,0,0
12/29/17,Christmas Break,0,0
12/30/17,Christmas Break,0,0
12/31/17,Christmas Break,0,0
1/1/18,Christmas Break,0,0
1/2/18,Christmas Break,0,0
1/3/18,Christmas Break,0,0
1/4/18,Christmas Break,0,0
1/5/18,Christmas Break,0,0
1/6/18,,0,0
1/7/18,,0,0
1/8/18,,0,0
1/9/18,,0,0
1/10/18,,0,0
1/11/18,,0,0
1/12/18,,0,0
1/13/18,,0,0
1/14/18,,0,0
1/15/18,,1,0
1/16/18,,1,0
1/17/18,,1,0
1/18/18,,1,0
1/19/18,,1,0
1/20/18,,1,0
1/21/18,,1,0
1/22/18,,1,0
1/23/18,,1,0
1/24/18,,1,0
1/25/18,,1,0
1/26/18,,1,0
1/27/18,,1,0
1/28/18,,1,0
1/29/18,,1,0
1/30/18,,1,0
1/31/18,,1,0
2/1/18,,1,0
2/2/18,,1,0
2/3/18,,0,0
2/4/18,,0,0
2/5/18,,0,0
2/6/18,,0,0
2/7/18,,0,0
2/8/18,,0,0
2/9/18,,0,0
2/10/18,,0,0
2/11/18,,0,0
2/12/18,,0,0
2/13/18,,0,0
2/14/18,,0,0
2/15/18,,0,0
2/16/18,,0,0
2/17/18,,0,0
2/18/18,,0,0
2/19/18,,0,0
2/20/18,,0,0
2/21/18,,0,0
2/22/18,,0,0
2/23/18,,0,0
2/24/18,,0,0
2/25/18,,0,0
2/26/18,,0,0
2/27/18,,0,0
2/28/18,,0,0
3/1/18,,0,0
3/2/18,,0,0
3/3/18,,0,0
3/4/18,,0,0
3/5/18,,0,0
3/6/18,,0,0
3/7/18,,0,0
3/8/18,,0,0
3/9/18,,0,0
3/10/18,,0,0
3/11/18,,0,0
3/12/18,,0,0
3/13/18,,0,0
3/14/18,,0,0
3/15/18,,0,0
3/16/18,,0,0
3/17/18,,0,0
3/18/18,,0,0
3/19/18,,0,0
3/20/18,,0,0
3/21/18,,0,0
3/22/18,,0,0
3/23/18,,0,0
3/24/18,,0,0
3/25/18,,0,0
3/26/18,,1,0
3/27/18,,1,0
3/28/18,,1,0
3/29/18,,1,0
3/30/18,Easter,0,0
3/31/18,,0,0
4/1/18,Easter,0,0
4/2/18,Easter,0,0
4/3/18,,1,0
4/4/18,,1,0
4/5/18,,1,0
4/6/18,,1,0
4/7/18,,1,0
4/8/18,,1,0
4/9/18,,1,0
4/10/18,,1,0
4/11/18,,1,0
4/12/18,,1,0
4/13/18,,1,0
4/14/18,,0,0
4/15/18,,0,0
4/16/18,,0,0
4/17/18,,0,0
4/18/18,,0,0
4/19/18,,0,0
4/20/18,,0,0
4/21/18,,0,0
4/22/18,,0,0
4/23/18,,0,0
4/24/18,,0,0
4/25/18,,0,0
4/26/18,,0,0
4/27/18,Kingsday,0,0
4/28/18,,0,0
4/29/18,,0,0
4/30/18,,0,0
5/1/18,,0,0
5/2/18,,0,0
5/3/18,,0,0
5/4/18,,0,0
5/5/18,Liberation Day,0,0
5/6/18,,0,0
5/7/18,,0,0
5/8/18,,0,0
5/9/18,,0,0
5/10/18,Ascension Day,0,0
5/11/18,,0,0
5/12/18,,0,0
5/13/18,,0,0
5/14/18,,0,0
5/15/18,,0,0
5/16/18,,0,0
5/17/18,,0,0
5/18/18,,0,0
5/19/18,,0,0
5/20/18,Whit,0,0
5/21/18,Whit,0,0
5/22/18,Flexible Break,0,0
5/23/18,Flexible Break,0,0
5/24/18,,0,0
5/25/18,,0,0
5/26/18,,0,0
5/27/18,,0,0
5/28/18,,0,0
5/29/18,,0,0
5/30/18,,0,0
5/31/18,,0,0
6/1/18,,0,0
6/2/18,,0,0
6/3/18,,0,0
6/4/18,,0,0
6/5/18,,0,0
6/6/18,,0,0
6/7/18,,0,0
6/8/18,,0,0
6/9/18,,0,0
6/10/18,,0,0
6/11/18,,1,0
6/12/18,,1,0
6/13/18,,1,0
6/14/18,,1,0
6/15/18,,1,0
6/16/18,,1,0
6/17/18,,1,0
6/18/18,,1,0
6/19/18,,1,0
6/20/18,,1,0
6/21/18,,1,0
6/22/18,,1,0
6/23/18,,1,0
6/24/18,,1,0
6/25/18,,1,0
6/26/18,,1,0
6/27/18,,1,0
6/28/18,,1,0
6/29/18,,1,0
6/30/18,,1,0
7/1/18,,1,0
7/2/18,,1,0
7/3/18,,1,0
7/4/18,,1,0
7/5/18,,1,0
7/6/18,,1,0
7/7/18,,1,0
7/8/18,,1,0
7/9/18,,1,0
7/10/18,,1,0
7/11/18,,1,0
7/12/18,,1,0
7/13/18,,1,0
7/14/18,,0,0
7/15/18,,0,0
7/16/18,Summer Vacation,0,0
7/17/18,Summer Vacation,0,0
7/18/18,Summer Vacation,0,0
7/19/18,Summer Vacation,0,0
7/20/18,Summer Vacation,0,0
7/21/18,Summer Vacation,0,0
7/22/18,Summer Vacation,0,0
7/23/18,Summer Vacation,0,0
7/24/18,Summer Vacation,0,0
7/25/18,Summer Vacation,0,0
7/26/18,Summer Vacation,0,0
7/27/18,Summer Vacation,0,0
7/28/18,Summer Vacation,0,0
7/29/18,Summer Vacation,0,0
7/30/18,Summer Vacation,0,0
7/31/18,Summer Vacation,0,0
8/1/18,Summer Vacation,0,0
8/2/18,Summer Vacation,0,0
8/3/18,Summer Vacation,0,0
8/4/18,Summer Vacation,0,0
8/5/18,Summer Vacation,0,0
8/6/18,Summer Vacation,0,0
8/7/18,Summer Vacation,0,0
8/8/18,Summer Vacation,0,0
8/9/18,Summer Vacation,0,0
8/10/18,Summer Vacation,0,0
8/11/18,Summer Vacation,0,0
8/12/18,Summer Vacation,0,0
8/13/18,Summer Vacation,0,0
8/14/18,Summer Vacation,0,0
8/15/18,Summer Vacation,0,0
8/16/18,Summer Vacation,0,0
8/17/18,Summer Vacation,0,0
8/18/18,Summer Vacation,0,0
8/19/18,Summer Vacation,0,0
8/20/18,Summer Vacation,0,0
8/21/18,Summer Vacation,0,0
8/22/18,Summer Vacation,0,0
8/23/18,Summer Vacation,0,0
8/24/18,Summer Vacation,0,0
8/25/18,Summer Vacation,0,0
8/26/18,Summer Vacation,0,0
8/27/18,Summer Vacation,0,0
8/28/18,Summer Vacation,0,0
8/29/18,Summer Vacation,0,0
8/30/18,Summer Vacation,0,0
8/31/18,Summer Vacation,0,0
9/1/18,,0,0
9/2/18,,0,0
9/3/18,,0,0
9/4/18,,0,0
9/5/18,,0,0
9/6/18,,0,0
9/7/18,,0,0
9/8/18,,0,0
9/9/18,,0,0
9/10/18,,0,0
9/11/18,,0,0
9/12/18,,0,0
9/13/18,,0,0
9/14/18,,0,0
9/15/18,,0,0
9/16/18,,0,0
9/17/18,,0,0
9/18/18,,0,0
9/19/18,,0,0
9/20/18,,0,0
9/21/18,,0,0
9/22/18,,0,0
9/23/18,,0,0
9/24/18,,0,0
9/25/18,,0,0
9/26/18,,0,0
9/27/18,,0,0
9/28/18,,0,0
9/29/18,,0,0
9/30/18,,0,0
10/1/18,,0,0
10/2/18,,0,0
10/3/18,,0,0
10/4/18,,0,0
10/5/18,,0,0
10/6/18,,0,0
10/7/18,,0,0
10/8/18,,0,0
10/9/18,,0,0
10/10/18,,0,0
10/11/18,,0,0
10/12/18,,0,0
10/13/18,,0,0
10/14/18,,0,0
10/15/18,,0,0
10/16/18,,0,0
10/17/18,,0,0
10/18/18,,0,0
10/19/18,,0,0
10/20/18,,0,0
10/21/18,,0,0
10/22/18,,0,0
10/23/18,,0,0
10/24/18,,0,0
10/25/18,,0,0
10/26/18,,0,0
10/27/18,,0,0
10/28/18,,0,0
10/29/18,,1,0
10/30/18,,1,0
10/31/18,,1,0
11/1/18,,1,0
11/2/18,,1,0
11/3/18,,1,0
11/4/18,,1,0
11/5/18,,1,0
11/6/18,,1,0
11/7/18,,1,0
11/8/18,,1,0
11/9/18,,1,0
11/10/18,,0,0
11/11/18,,0,0
11/12/18,,0,0
11/13/18,,0,0
11/14/18,,0,0
11/15/18,,0,0
11/16/18,,0,0
11/17/18,,0,0
11/18/18,,0,0
11/19/18,,0,0
11/20/18,,0,0
11/21/18,,0,0
11/22/18,,0,0
11/23/18,,0,0
11/24/18,,0,0
11/25/18,,0,0
11/26/18,,0,0
11/27/18,,0,0
11/28/18,,0,0
11/29/18,,0,0
11/30/18,,0,0
12/1/18,,0,0
12/2/18,,0,0
12/3/18,,0,0
12/4/18,,0,0
12/5/18,,0,0
12/6/18,,0,0
12/7/18,,0,0
12/8/18,,0,0
12/9/18,,0,0
12/10/18,,0,0
12/11/18,,0,0
12/12/18,,0,0
12/13/18,,0,0
12/14/18,,0,0
12/15/18,,0,0
12/16/18,,0,0
12/17/18,,0,0
12/18/18,,0,0
12/19/18,,0,0
12/20/18,,0,0
12/21/18,,0,0
12/22/18,,0,0
12/23/18,,0,0
12/24/18,Christmas Break,0,0
12/25/18,Christmas Break,0,0
12/26/18,Christmas Break,0,0
12/27/18,Christmas Break,0,0
12/28/18,Christmas Break,0,0
12/29/18,Christmas Break,0,0
12/30/18,Christmas Break,0,0
12/31/18,Christmas Break,0,0
1/1/19,Christmas Break,0,0
1/2/19,Christmas Break,0,0
1/3/19,Christmas Break,0,0
1/4/19,Christmas Break,0,0
1/5/19,,0,0
1/6/19,,0,0
1/7/19,,0,0
1/8/19,,0,0
1/9/19,,0,0
1/10/19,,0,0
1/11/19,,0,0
1/12/19,,0,0
1/13/19,,0,0
1/14/19,,1,0
1/15/19,,1,0
1/16/19,,1,0
1/17/19,,1,0
1/18/19,,1,0
1/19/19,,1,0
1/20/19,,1,0
1/21/19,,1,0
1/22/19,,1,0
1/23/19,,1,0
1/24/19,,1,0
1/25/19,,1,0
1/26/19,,1,0
1/27/19,,1,0
1/28/19,,1,0
1/29/19,,1,0
1/30/19,,1,0
1/31/19,,1,0
2/1/19,,1,0
2/2/19,,0,0
2/3/19,,0,0
2/4/19,,0,0
2/5/19,,0,0
2/6/19,,0,0
2/7/19,,0,0
2/8/19,,0,0
2/9/19,,0,0
2/10/19,,0,0
2/11/19,,0,0
2/12/19,,0,0
2/13/19,,0,0
2/14/19,,0,0
2/15/19,,0,0
2/16/19,,0,0
2/17/19,,0,0
2/18/19,,0,0
2/19/19,,0,0
2/20/19,,0,0
2/21/19,,0,0
2/22/19,,0,0
2/23/19,,0,0
2/24/19,,0,0
2/25/19,,0,0
2/26/19,,0,0
2/27/19,,0,0
2/28/19,,0,0
3/1/19,,0,0
3/2/19,,0,0
3/3/19,,0,0
3/4/19,,0,0
3/5/19,,0,0
3/6/19,,0,0
3/7/19,,0,0
3/8/19,,0,0
3/9/19,,0,0
3/10/19,,0,0
3/11/19,,0,0
3/12/19,,0,0
3/13/19,,0,0
3/14/19,,0,0
3/15/19,,0,0
3/16/19,,0,0
3/17/19,,0,0
3/18/19,,0,0
3/19/19,,0,0
3/20/19,,0,0
3/21/19,,0,0
3/22/19,,0,0
3/23/19,,0,0
3/24/19,,0,0
3/25/19,,1,0
3/26/19,,1,0
3/27/19,,1,0
3/28/19,,1,0
3/29/19,,1,0
3/30/19,,1,0
3/31/19,,1,0
4/1/19,,1,0
4/2/19,,1,0
4/3/19,,1,0
4/4/19,,1,0
4/5/19,,1,0
4/6/19,,1,0
4/7/19,,1,0
4/8/19,,1,0
4/9/19,,1,0
4/10/19,,1,0
4/11/19,,1,0
4/12/19,,1,0
4/13/19,,0,0
4/14/19,,0,0
4/15/19,,0,0
4/16/19,,0,0
4/17/19,,0,0
4/18/19,,0,0
4/19/19,Easter,0,0
4/20/19,,0,0
4/21/19,Easter,0,0
4/22/19,Easter,0,0
4/23/19,Flexible Break,0,0
4/24/19,Flexible Break,0,0
4/25/19,,0,0
4/26/19,,0,0
4/27/19,Kingsday,0,0
4/28/19,,0,0
4/29/19,,0,0
4/30/19,,0,0
5/1/19,,0,0
5/2/19,,0,0
5/3/19,,0,0
5/4/19,,0,0
5/5/19,Liberation Day,0,0
5/6/19,,0,0
5/7/19,,0,0
5/8/19,,0,0
5/9/19,,0,0
5/10/19,,0,0
5/11/19,,0,0
5/12/19,,0,0
5/13/19,,0,0
5/14/19,,0,0
5/15/19,,0,0
5/16/19,,0,0
5/17/19,,0,0
5/18/19,,0,0
5/19/19,,0,0
5/20/19,,0,0
5/21/19,,0,0
5/22/19,,0,0
5/23/19,,0,0
5/24/19,,0,0
5/25/19,,0,0
5/26/19,,0,0
5/27/19,,0,0
5/28/19,,0,0
5/29/19,,0,0
5/30/19,Ascension Day,0,0
5/31/19,,0,0
6/1/19,,0,0
6/2/19,,0,0
6/3/19,,0,0
6/4/19,,0,0
6/5/19,,0,0
6/6/19,,0,0
6/7/19,,0,0
6/8/19,,0,0
6/9/19,Whit,0,0
6/10/19,Whit,0,0
6/11/19,,1,0
6/12/19,,1,0
6/13/19,,1,0
6/14/19,,1,0
6/15/19,,1,0
6/16/19,,1,0
6/17/19,,1,0
6/18/19,,1,0
6/19/19,,1,0
6/20/19,,1,0
6/21/19,,1,0
6/22/19,,1,0
6/23/19,,1,0
6/24/19,,1,0
6/25/19,,1,0
6/26/19,,1,0
6/27/19,,1,0
6/28/19,,1,0
6/29/19,,1,0
6/30/19,,1,0
7/1/19,,1,0
7/2/19,,1,0
7/3/19,,1,0
7/4/19,,1,0
7/5/19,,1,0
7/6/19,,1,0
7/7/19,,1,0
7/8/19,,1,0
7/9/19,,1,0
7/10/19,,1,0
7/11/19,,1,0
7/12/19,,1,0
7/13/19,,0,0
7/14/19,,0,0
7/15/19,Summer Vacation,0,0
7/16/19,Summer Vacation,0,0
7/17/19,Summer Vacation,0,0
7/18/19,Summer Vacation,0,0
7/19/19,Summer Vacation,0,0
7/20/19,Summer Vacation,0,0
7/21/19,Summer Vacation,0,0
7/22/19,Summer Vacation,0,0
7/23/19,Summer Vacation,0,0
7/24/19,Summer Vacation,0,0
7/25/19,Summer Vacation,0,0
7/26/19,Summer Vacation,0,0
7/27/19,Summer Vacation,0,0
7/28/19,Summer Vacation,0,0
7/29/19,Summer Vacation,0,0
7/30/19,Summer Vacation,0,0
7/31/19,Summer Vacation,0,0
8/1/19,Summer Vacation,0,0
8/2/19,Summer Vacation,0,0
8/3/19,Summer Vacation,0,0
8/4/19,Summer Vacation,0,0
8/5/19,Summer Vacation,0,0
8/6/19,Summer Vacation,0,0
8/7/19,Summer Vacation,0,0
8/8/19,Summer Vacation,0,0
8/9/19,Summer Vacation,0,0
8/10/19,Summer Vacation,0,0
8/11/19,Summer Vacation,0,0
8/12/19,Summer Vacation,0,0
8/13/19,Summer Vacation,0,0
8/14/19,Summer Vacation,0,0
8/15/19,Summer Vacation,0,0
8/16/19,Summer Vacation,0,0
8/17/19,Summer Vacation,0,0
8/18/19,Summer Vacation,0,0
8/19/19,Summer Vacation,0,0
8/20/19,Summer Vacation,0,0
8/21/19,Summer Vacation,0,0
8/22/19,Summer Vacation,0,0
8/23/19,Summer Vacation,0,0
8/24/19,Summer Vacation,0,0
8/25/19,Summer Vacation,0,0
8/26/19,Summer Vacation,0,0
8/27/19,Summer Vacation,0,0
8/28/19,Summer Vacation,0,0
8/29/19,Summer Vacation,0,0
8/30/19,Summer Vacation,0,0
8/31/19,Summer Vacation,0,0
9/1/19,,0,0
9/2/19,,0,0
9/3/19,,0,0
9/4/19,,0,0
9/5/19,,0,0
9/6/19,,0,0
9/7/19,,0,0
9/8/19,,0,0
9/9/19,,0,0
9/10/19,,0,0
9/11/19,,0,0
9/12/19,,0,0
9/13/19,,0,0
9/14/19,,0,0
9/15/19,,0,0
9/16/19,,0,0
9/17/19,,0,0
9/18/19,,0,0
9/19/19,,0,0
9/20/19,,0,0
9/21/19,,0,0
9/22/19,,0,0
9/23/19,,0,0
9/24/19,,0,0
9/25/19,,0,0
9/26/19,,0,0
9/27/19,,0,0
9/28/19,,0,0
9/29/19,,0,0
9/30/19,,0,0
10/1/19,,0,0
10/2/19,,0,0
10/3/19,,0,0
10/4/19,,0,0
10/5/19,,0,0
10/6/19,,0,0
10/7/19,,0,0
10/8/19,,0,0
10/9/19,,0,0
10/10/19,,0,0
10/11/19,,0,0
10/12/19,,0,0
10/13/19,,0,0
10/14/19,,0,0
10/15/19,,0,0
10/16/19,,0,0
10/17/19,,0,0
10/18/19,,0,0
10/19/19,,0,0
10/20/19,,0,0
10/21/19,,0,0
10/22/19,,0,0
10/23/19,,0,0
10/24/19,,0,0
10/25/19,,0,0
10/26/19,,0,0
10/27/19,,0,0
10/28/19,,1,0
10/29/19,,1,0
10/30/19,,1,0
10/31/19,,1,0
11/1/19,,1,0
11/2/19,,1,0
11/3/19,,1,0
11/4/19,,1,0
11/5/19,,1,0
11/6/19,,1,0
11/7/19,,1,0
11/8/19,,1,0
11/9/19,,0,0
11/10/19,,0,0
11/11/19,,0,0
11/12/19,,0,0
11/13/19,,0,0
11/14/19,,0,0
11/15/19,,0,0
11/16/19,,0,0
11/17/19,,0,0
11/18/19,,0,0
11/19/19,,0,0
11/20/19,,0,0
11/21/19,,0,0
11/22/19,,0,0
11/23/19,,0,0
11/24/19,,0,0
11/25/19,,0,0
11/26/19,,0,0
11/27/19,,0,0
11/28/19,,0,0
11/29/19,,0,0
11/30/19,,0,0
12/1/19,,0,0
12/2/19,,0,0
12/3/19,,0,0
12/4/19,,0,0
12/5/19,,0,0
12/6/19,,0,0
12/7/19,,0,0
12/8/19,,0,0
12/9/19,,0,0
12/10/19,,0,0
12/11/19,,0,0
12/12/19,,0,0
12/13/19,,0,0
12/14/19,,0,0
12/15/19,,0,0
12/16/19,,0,0
12/17/19,,0,0
12/18/19,,0,0
12/19/19,,0,0
12/20/19,,0,0
12/21/19,,0,0
12/22/19,,0,0
12/23/19,Christmas Break,0,0
12/24/19,Christmas Break,0,0
12/25/19,Christmas Break,0,0
12/26/19,Christmas Break,0,0
12/27/19,Christmas Break,0,0
12/28/19,Christmas Break,0,0
12/29/19,Christmas Break,0,0
12/30/19,Christmas Break,0,0
12/31/19,Christmas Break,0,0
1/1/20,Christmas Break,0,0
1/2/20,Christmas Break,0,0
1/3/20,Christmas Break,0,0
1/4/20,Christmas Break,0,0
1/5/20,,0,0
1/6/20,,0,0
1/7/20,,0,0
1/8/20,,0,0
1/9/20,,0,0
1/10/20,,0,0
1/11/20,,0,0
1/12/20,,0,0
1/13/20,,1,0
1/14/20,,1,0
1/15/20,,1,0
1/16/20,,1,0
1/17/20,,1,0
1/18/20,,1,0
1/19/20,,1,0
1/20/20,,1,0
1/21/20,,1,0
1/22/20,,1,0
1/23/20,,1,0
1/24/20,,1,0
1/25/20,,1,0
1/26/20,,1,0
1/27/20,,1,0
1/28/20,,1,0
1/29/20,,1,0
1/30/20,,1,0
1/31/20,,1,0
2/1/20,,0,0
2/2/20,,0,0
2/3/20,,0,0
2/4/20,,0,0
2/5/20,,0,0
2/6/20,,0,0
2/7/20,,0,0
2/8/20,,0,0
2/9/20,,0,0
2/10/20,,0,0
2/11/20,,0,0
2/12/20,,0,0
2/13/20,,0,0
2/14/20,,0,0
2/15/20,,0,0
2/16/20,,0,0
2/17/20,,0,0
2/18/20,,0,0
2/19/20,,0,0
2/20/20,,0,0
2/21/20,,0,0
2/22/20,,0,0
2/23/20,,0,0
2/24/20,,0,0
2/25/20,,0,0
2/26/20,,0,0
2/27/20,,0,0
2/28/20,,0,0
2/29/20,,0,0
3/1/20,,0,0
3/2/20,,0,0
3/3/20,,0,0
3/4/20,,0,0
3/5/20,,0,0
3/6/20,,0,0
3/7/20,,0,0
3/8/20,,0,0
3/9/20,,0,0
3/10/20,,0,0
3/11/20,,0,0
3/12/20,,0,0
3/13/20,,0,0
3/14/20,,0,0
3/15/20,,0,1
3/16/20,,0,1
3/17/20,,0,1
3/18/20,,0,1
3/19/20,,0,1
3/20/20,,0,1
3/21/20,,0,1
3/22/20,,0,1
3/23/20,,1,1
3/24/20,,1,1
3/25/20,,1,1
3/26/20,,1,1
3/27/20,,1,1
3/28/20,,1,1
3/29/20,,1,1
3/30/20,,1,1
3/31/20,,1,1
4/1/20,,1,1
4/2/20,,1,1
4/3/20,,1,1
4/4/20,,1,1
4/5/20,,1,1
4/6/20,,1,1
4/7/20,,1,1
4/8/20,,1,1
4/9/20,,1,1
4/10/20,Easter,0,1
4/11/20,,0,1
4/12/20,Easter,0,1
4/13/20,Easter,0,1
4/14/20,,0,1
4/15/20,,0,1
4/16/20,,0,1
4/17/20,,0,1
4/18/20,,0,1
4/19/20,,0,1
4/20/20,,0,1
4/21/20,,0,1
4/22/20,,0,1
4/23/20,,0,1
4/24/20,,0,1
4/25/20,,0,1
4/26/20,,0,1
4/27/20,Kingsday,0,1
4/28/20,,0,1
4/29/20,,0,1
4/30/20,,0,1
5/1/20,,0,1
5/2/20,,0,1
5/3/20,,0,1
5/4/20,,0,1
5/5/20,Liberation Day,0,1
5/6/20,,0,1
5/7/20,,0,1
5/8/20,,0,1
5/9/20,,0,1
5/10/20,,0,1
5/11/20,,0,1
5/12/20,,0,1
5/13/20,,0,1
5/14/20,,0,1
5/15/20,,0,1
5/16/20,,0,1
5/17/20,,0,1
5/18/20,,0,1
5/19/20,,0,1
5/20/20,,0,1
5/21/20,Ascension Day,0,1
5/22/20,,0,1
5/23/20,,0,1
5/24/20,,0,1
5/25/20,,0,1
5/26/20,,0,1
5/27/20,,0,1
5/28/20,,0,1
5/29/20,,0,1
5/30/20,,0,1
5/31/20,Whit,0,1
6/1/20,Whit,0,1
6/2/20,,0,1
6/3/20,,0,1
6/4/20,,0,1
6/5/20,,0,1
6/6/20,,0,1
6/7/20,,0,1
6/8/20,,1,1
6/9/20,,1,1
6/10/20,,1,1
6/11/20,,1,1
6/12/20,,1,1
6/13/20,,1,1
6/14/20,,1,1
6/15/20,,1,1
6/16/20,,1,1
6/17/20,,1,1
6/18/20,,1,1
6/19/20,,1,1
6/20/20,,1,1
6/21/20,,1,1
6/22/20,,1,1
6/23/20,,1,1
6/24/20,,1,1
6/25/20,,1,1
6/26/20,,1,1
6/27/20,,1,1
6/28/20,,1,1
6/29/20,,1,1
6/30/20,,1,1
7/1/20,,1,1
7/2/20,,1,1
7/3/20,,1,1
7/4/20,,1,1
7/5/20,,1,1
7/6/20,,1,1
7/7/20,,1,1
7/8/20,,1,1
7/9/20,,1,1
7/10/20,,1,1
7/11/20,,0,1
7/12/20,,0,1
7/13/20,Summer Vacation,0,1
7/14/20,Summer Vacation,0,1
7/15/20,Summer Vacation,0,1
7/16/20,Summer Vacation,0,1
7/17/20,Summer Vacation,0,1
7/18/20,Summer Vacation,0,1
7/19/20,Summer Vacation,0,1
7/20/20,Summer Vacation,0,1
7/21/20,Summer Vacation,0,1
7/22/20,Summer Vacation,0,1
7/23/20,Summer Vacation,0,1
7/24/20,Summer Vacation,0,1
7/25/20,Summer Vacation,0,1
7/26/20,Summer Vacation,0,1
7/27/20,Summer Vacation,0,1
7/28/20,Summer Vacation,0,1
7/29/20,Summer Vacation,0,1
7/30/20,Summer Vacation,0,1
7/31/20,Summer Vacation,0,1
8/1/20,Summer Vacation,0,1
8/2/20,Summer Vacation,0,1
8/3/20,Summer Vacation,0,1
8/4/20,Summer Vacation,0,1
8/5/20,Summer Vacation,0,1
8/6/20,Summer Vacation,0,1
8/7/20,Summer Vacation,0,1
8/8/20,Summer Vacation,0,1
8/9/20,Summer Vacation,0,1
8/10/20,Summer Vacation,0,1
8/11/20,Summer Vacation,0,1
8/12/20,Summer Vacation,0,1
8/13/20,Summer Vacation,0,1
8/14/20,Summer Vacation,0,1
8/15/20,,0,1
8/16/20,,0,1
8/17/20,,1,1
8/18/20,,1,1
8/19/20,,1,1
8/20/20,,1,1
8/21/20,,1,1
8/22/20,,1,1
8/23/20,,1,1
8/24/20,,1,1
8/25/20,,1,1
8/26/20,,1,1
8/27/20,,1,1
8/28/20,,1,1
8/29/20,,0,1
8/30/20,,0,1
8/31/20,,0,1
9/1/20,,0,1
9/2/20,,0,1
9/3/20,,0,1
9/4/20,,0,1
9/5/20,,0,1
9/6/20,,0,1
9/7/20,,0,1
9/8/20,,0,1
9/9/20,,0,1
9/10/20,,0,1
9/11/20,,0,1
9/12/20,,0,1
9/13/20,,0,1
9/14/20,,0,1
9/15/20,,0,1
9/16/20,,0,1
9/17/20,,0,1
9/18/20,,0,1
9/19/20,,0,1
9/20/20,,0,1
9/21/20,,0,1
9/22/20,,0,1
9/23/20,,0,1
9/24/20,,0,1
9/25/20,,0,1
9/26/20,,0,1
9/27/20,,0,1
9/28/20,,0,1
9/29/20,,0,1
9/30/20,,0,1
10/1/20,,0,1
10/2/20,,0,1
10/3/20,,0,1
10/4/20,,0,1
10/5/20,,0,1
10/6/20,,0,1
10/7/20,,0,1
10/8/20,,0,1
10/9/20,,0,1
10/10/20,,0,1
10/11/20,,0,1
10/12/20,,0,1
10/13/20,,0,1
10/14/20,,0,1
10/15/20,,0,1
10/16/20,,0,1
10/17/20,,0,1
10/18/20,,0,1
10/19/20,,0,1
10/20/20,,0,1
10/21/20,,0,1
10/22/20,,0,1
10/23/20,,0,1
10/24/20,,0,1
10/25/20,,0,1
10/26/20,,1,1
10/27/20,,1,1
10/28/20,,1,1
10/29/20,,1,1
10/30/20,,1,1
10/31/20,,1,1
11/1/20,,1,1
11/2/20,,1,1
11/3/20,,1,1
11/4/20,,1,1
11/5/20,,1,1
11/6/20,,1,1
11/7/20,,0,1
11/8/20,,0,1
11/9/20,,0,1
11/10/20,,0,1
11/11/20,,0,1
11/12/20,,0,1
11/13/20,,0,1
11/14/20,,0,1
11/15/20,,0,1
11/16/20,,0,1
11/17/20,,0,1
11/18/20,,0,1
11/19/20,,0,1
11/20/20,,0,1
11/21/20,,0,1
11/22/20,,0,1
11/23/20,,0,1
11/24/20,,0,1
11/25/20,,0,1
11/26/20,,0,1
11/27/20,,0,1
11/28/20,,0,1
11/29/20,,0,1
11/30/20,,0,1
12/1/20,,0,1
12/2/20,,0,1
12/3/20,,0,1
12/4/20,,0,1
12/5/20,,0,1
12/6/20,,0,1
12/7/20,,0,1
12/8/20,,0,1
12/9/20,,0,1
12/10/20,,0,1
12/11/20,,0,1
12/12/20,,0,1
12/13/20,,0,1
12/14/20,,0,1
12/15/20,,0,1
12/16/20,,0,1
12/17/20,,0,1
12/18/20,,0,1
12/19/20,,0,1
12/20/20,,0,1
12/21/20,Christmas Break,0,1
12/22/20,Christmas Break,0,1
12/23/20,Christmas Break,0,1
12/24/20,Christmas Break,0,1
12/25/20,Christmas Break,0,1
12/26/20,Christmas Break,0,1
12/27/20,Christmas Break,0,1
12/28/20,Christmas Break,0,1
12/29/20,Christmas Break,0,1
12/30/20,Christmas Break,0,1
12/31/20,Christmas Break,0,1
1/1/21,Christmas Break,0,1
1/2/21,,0,1
1/3/21,,0,1
1/4/21,,0,1
1/5/21,,0,1
1/6/21,,0,1
1/7/21,,0,1
1/8/21,,0,1
1/9/21,,0,1
1/10/21,,0,1
1/11/21,,1,1
1/12/21,,1,1
1/13/21,,1,1
1/14/21,,1,1
1/15/21,,1,1
1/16/21,,1,1
1/17/21,,1,1
1/18/21,,1,1
1/19/21,,1,1
1/20/21,,1,1
1/21/21,,1,1
1/22/21,,1,1
1/23/21,,1,1
1/24/21,,1,1
1/25/21,,1,1
1/26/21,,1,1
1/27/21,,1,1
1/28/21,,1,1
1/29/21,,1,1
1/30/21,,0,1
1/31/21,,0,1
2/1/21,,0,1
2/2/21,,0,1
2/3/21,,0,1
2/4/21,,0,1
2/5/21,,0,1
2/6/21,,0,1
2/7/21,,0,1
2/8/21,,0,1
2/9/21,,0,1
2/10/21,,0,1
2/11/21,,0,1
2/12/21,,0,1
2/13/21,,0,1
2/14/21,,0,1
2/15/21,,0,1
2/16/21,,0,1
2/17/21,,0,1
2/18/21,,0,1
2/19/21,,0,1
2/20/21,,0,1
2/21/21,,0,1
2/22/21,,0,1
2/23/21,,0,1
2/24/21,,0,1
2/25/21,,0,1
2/26/21,,0,1
2/27/21,,0,1
2/28/21,,0,1
3/1/21,,0,1
3/2/21,,0,1
3/3/21,,0,1
3/4/21,,0,1
3/5/21,,0,1
3/6/21,,0,1
3/7/21,,0,1
3/8/21,,0,1
3/9/21,,0,1
3/10/21,,0,1
3/11/21,,0,1
3/12/21,,0,1
3/13/21,,0,1
3/14/21,,0,1
3/15/21,,0,1
3/16/21,,0,1
3/17/21,,0,1
3/18/21,,0,1
3/19/21,,0,1
3/20/21,,0,1
3/21/21,,0,1
3/22/21,,1,1
3/23/21,,1,1
3/24/21,,1,1
3/25/21,,1,1
3/26/21,,1,1
3/27/21,,1,1
3/28/21,,1,1
3/29/21,,1,1
3/30/21,,1,1
3/31/21,,1,1
4/1/21,,1,1
4/2/21,Easter,0,1
4/3/21,,0,1
4/4/21,Easter,0,1
4/5/21,Easter,0,1
4/6/21,,1,1
4/7/21,,1,1
4/8/21,,1,1
4/9/21,,1,1
4/10/21,,0,1
4/11/21,,0,1
4/12/21,,0,1
4/13/21,,0,1
4/14/21,,0,1
4/15/21,,0,1
4/16/21,,0,1
4/17/21,,0,1
4/18/21,,0,1
4/19/21,,0,1
4/20/21,,0,1
4/21/21,,0,1
4/22/21,,0,1
4/23/21,,0,1
4/24/21,,0,1
4/25/21,,0,1
4/26/21,,0,1
4/27/21,Kingsday,0,1
4/28/21,,0,1
4/29/21,,0,1
4/30/21,,0,1
5/1/21,,0,1
5/2/21,,0,1
5/3/21,,0,1
5/4/21,,0,1
5/5/21,Liberation Day,0,1
5/6/21,,0,1
5/7/21,,0,1
5/8/21,,0,1
5/9/21,,0,1
5/10/21,,0,1
5/11/21,,0,1
5/12/21,,0,1
5/13/21,Ascension Day,0,1
5/14/21,,0,1
5/15/21,,0,1
5/16/21,,0,1
5/17/21,,0,1
5/18/21,,0,1
5/19/21,,0,1
5/20/21,,0,1
5/21/21,,0,1
5/22/21,,0,1
5/23/21,Whit,0,1
5/24/21,Whit,0,1
5/25/21,,0,1
5/26/21,,0,1
5/27/21,,0,1
5/28/21,,0,1
5/29/21,,0,1
5/30/21,,0,1
5/31/21,,0,1
6/1/21,,0,1
6/2/21,,0,1
6/3/21,,0,1
6/4/21,,0,1
6/5/21,,0,1
6/6/21,,0,1
6/7/21,,1,1
6/8/21,,1,1
6/9/21,,1,1
6/10/21,,1,1
6/11/21,,1,1
6/12/21,,1,1
6/13/21,,1,1
6/14/21,,1,1
6/15/21,,1,1
6/16/21,,1,1
6/17/21,,1,1
6/18/21,,1,1
6/19/21,,1,1
6/20/21,,1,1
6/21/21,,1,1
6/22/21,,1,1
6/23/21,,1,1
6/24/21,,1,1
6/25/21,,1,1
6/26/21,,1,1
6/27/21,,1,1
6/28/21,,1,1
6/29/21,,1,1
6/30/21,,1,1
7/1/21,,1,1
7/2/21,,1,1
7/3/21,,1,1
7/4/21,,1,1
7/5/21,,1,1
7/6/21,,1,1
7/7/21,,1,1
7/8/21,,1,1
7/9/21,,1,1
7/10/21,,0,1
7/11/21,,0,1
7/12/21,Summer Vacation,0,1
7/13/21,Summer Vacation,0,1
7/14/21,Summer Vacation,0,1
7/15/21,Summer Vacation,0,1
7/16/21,Summer Vacation,0,1
7/17/21,Summer Vacation,0,1
7/18/21,Summer Vacation,0,1
7/19/21,Summer Vacation,0,1
7/20/21,Summer Vacation,0,1
7/21/21,Summer Vacation,0,1
7/22/21,Summer Vacation,0,1
7/23/21,Summer Vacation,0,1
7/24/21,Summer Vacation,0,1
7/25/21,Summer Vacation,0,1
7/26/21,Summer Vacation,0,1
7/27/21,Summer Vacation,0,1
7/28/21,Summer Vacation,0,1
7/29/21,Summer Vacation,0,1
7/30/21,Summer Vacation,0,1
7/31/21,Summer Vacation,0,1
8/1/21,Summer Vacation,0,1
8/2/21,Summer Vacation,0,1
8/3/21,Summer Vacation,0,1
8/4/21,Summer Vacation,0,1
8/5/21,Summer Vacation,0,1
8/6/21,Summer Vacation,0,1
8/7/21,Summer Vacation,0,1
8/8/21,Summer Vacation,0,1
8/9/21,Summer Vacation,0,1
8/10/21,Summer Vacation,0,1
8/11/21,Summer Vacation,0,1
8/12/21,Summer Vacation,0,1
8/13/21,Summer Vacation,0,1
8/14/21,Summer Vacation,0,1
8/15/21,Summer Vacation,0,1
8/16/21,Summer Vacation,0,1
8/17/21,Summer Vacation,0,1
8/18/21,Summer Vacation,0,1
8/19/21,Summer Vacation,0,1
8/20/21,Summer Vacation,0,1
8/21/21,Summer Vacation,0,1
8/22/21,Summer Vacation,0,1
8/23/21,Summer Vacation,0,1
8/24/21,Summer Vacation,0,1
8/25/21,Summer Vacation,0,1
8/26/21,Summer Vacation,0,1
8/27/21,Summer Vacation,0,1
8/28/21,Summer Vacation,0,1
8/29/21,Summer Vacation,0,1
8/30/21,Summer Vacation,0,1
8/31/21,Summer Vacation,0,1
9/1/21,Summer Vacation,0,0
9/2/21,Summer Vacation,0,0
9/3/21,Summer Vacation,0,0
9/4/21,,0,0
9/5/21,,0,0
9/6/21,,0,0
9/7/21,,0,0
9/8/21,,0,0
9/9/21,,0,0
9/10/21,,0,0
9/11/21,,0,0
9/12/21,,0,0
9/13/21,,0,0
9/14/21,,0,0
9/15/21,,0,0
9/16/21,,0,0
9/17/21,,0,0
9/18/21,,0,0
9/19/21,,0,0
9/20/21,,0,0
9/21/21,,0,0
9/22/21,,0,0
9/23/21,,0,0
9/24/21,,0,0
9/25/21,,0,0
9/26/21,,0,0
9/27/21,,0,0
9/28/21,,0,0
9/29/21,,0,0
9/30/21,,0,0
10/1/21,,0,0
10/2/21,,0,0
10/3/21,,0,0
10/4/21,,0,0
10/5/21,,0,0
10/6/21,,0,0
10/7/21,,0,0
10/8/21,,0,0
10/9/21,,0,0
10/10/21,,0,0
10/11/21,,0,0
10/12/21,,0,0
10/13/21,,0,0
10/14/21,,0,0
10/15/21,,0,0
10/16/21,,0,0
10/17/21,,0,0
10/18/21,,0,0
10/19/21,,0,0
10/20/21,,0,0
10/21/21,,0,0
10/22/21,,0,0
10/23/21,,0,0
10/24/21,,0,0
10/25/21,,0,0
10/26/21,,0,0
10/27/21,,0,0
10/28/21,,0,0
10/29/21,,0,0
10/30/21,,0,0
10/31/21,,0,0
11/1/21,,1,0
11/2/21,,1,0
11/3/21,,1,0
11/4/21,,1,0
11/5/21,,1,0
11/6/21,,1,0
11/7/21,,1,0
11/8/21,,1,0
11/9/21,,1,0
11/10/21,,1,0
11/11/21,,1,0
11/12/21,,1,0
11/13/21,,0,0
11/14/21,,0,0
11/15/21,,0,0
11/16/21,,0,0
11/17/21,,0,0
11/18/21,,0,0
11/19/21,,0,0
11/20/21,,0,0
11/21/21,,0,0
11/22/21,,0,0
11/23/21,,0,0
11/24/21,,0,0
11/25/21,,0,0
11/26/21,,0,0
11/27/21,,0,0
11/28/21,,0,0
11/29/21,,0,0
11/30/21,,0,0
12/1/21,,0,0
12/2/21,,0,0
12/3/21,,0,0
12/4/21,,0,1
12/5/21,,0,1
12/6/21,,0,1
12/7/21,,0,1
12/8/21,,0,1
12/9/21,,0,1
12/10/21,,0,1
12/11/21,,0,1
12/12/21,,0,1
12/13/21,,0,1
12/14/21,,0,1
12/15/21,,0,1
12/16/21,,0,1
12/17/21,,0,1
12/18/21,,0,1
12/19/21,,0,1
12/20/21,,0,1
12/21/21,,0,1
12/22/21,,0,1
12/23/21,,0,1
12/24/21,,0,1
12/25/21,Christmas Break,0,1
12/26/21,Christmas Break,0,1
12/27/21,Christmas Break,0,1
12/28/21,Christmas Break,0,1
12/29/21,Christmas Break,0,1
12/30/21,Christmas Break,0,1
12/31/21,Christmas Break,0,1
1/1/22,Christmas Break,0,1
1/2/22,Christmas Break,0,1
1/3/22,Christmas Break,0,1
1/4/22,Christmas Break,0,1
1/5/22,Christmas Break,0,1
1/6/22,Christmas Break,0,1
1/7/22,Christmas Break,0,1
1/8/22,,0,1
1/9/22,,0,1
1/10/22,,0,1
1/11/22,,0,1
1/12/22,,0,1
1/13/22,,0,1
1/14/22,,0,1
1/15/22,,0,1
1/16/22,,0,1
1/17/22,,1,1
1/18/22,,1,1
1/19/22,,1,1
1/20/22,,1,1
1/21/22,,1,1
1/22/22,,1,1
1/23/22,,1,1
1/24/22,,1,1
1/25/22,,1,1
1/26/22,,1,1
1/27/22,,1,1
1/28/22,,1,1
1/29/22,,1,1
1/30/22,,1,1
1/31/22,,1,1
2/1/22,,1,1
2/2/22,,1,1
2/3/22,,1,1
2/4/22,,1,1
2/5/22,,0,1
2/6/22,,0,1
2/7/22,,0,1
2/8/22,,0,1
2/9/22,,0,1
2/10/22,,0,1
2/11/22,,0,1
2/12/22,,0,1
2/13/22,,0,1
2/14/22,,0,1
2/15/22,,0,1
2/16/22,,0,1
2/17/22,,0,1
2/18/22,,0,1
2/19/22,,0,1
2/20/22,,0,1
2/21/22,,0,1
2/22/22,,0,1
2/23/22,,0,1
2/24/22,,0,1
2/25/22,,0,1
2/26/22,,0,1
2/27/22,,0,1
2/28/22,,0,1
3/1/22,,0,1
3/2/22,,0,1
3/3/22,,0,1
3/4/22,,0,1
3/5/22,,0,1
3/6/22,,0,1
3/7/22,,0,1
3/8/22,,0,1
3/9/22,,0,1
3/10/22,,0,1
3/11/22,,0,1
3/12/22,,0,1
3/13/22,,0,1
3/14/22,,0,1
3/15/22,,0,0
3/16/22,,0,0
3/17/22,,0,0
3/18/22,,0,0
3/19/22,,0,0
3/20/22,,0,0
3/21/22,,0,0
3/22/22,,0,0
3/23/22,,0,0
3/24/22,,0,0
3/25/22,,0,0
3/26/22,,0,0
3/27/22,,0,0
3/28/22,,1,0
3/29/22,,1,0
3/30/22,,1,0
3/31/22,,1,0
4/1/22,,1,0
4/2/22,,1,0
4/3/22,,1,0
4/4/22,,1,0
4/5/22,,1,0
4/6/22,,1,0
4/7/22,,1,0
4/8/22,,1,0
4/9/22,,1,0
4/10/22,,1,0
4/11/22,,1,0
4/12/22,,1,0
4/13/22,,1,0
4/14/22,,1,0
4/15/22,Easter,0,0
4/16/22,,0,0
4/17/22,Easter,0,0
4/18/22,Easter,0,0
4/19/22,,0,0
4/20/22,,0,0
4/21/22,,0,0
4/22/22,,0,0
4/23/22,,0,0
4/24/22,,0,0
4/25/22,,0,0
4/26/22,,0,0
4/27/22,Kingsday,0,0
4/28/22,,0,0
4/29/22,,0,0
4/30/22,,0,0
5/1/22,,0,0
5/2/22,,0,0
5/3/22,,0,0
5/4/22,,0,0
5/5/22,Liberation Day,0,0
5/6/22,,0,0
5/7/22,,0,0
5/8/22,,0,0
5/9/22,,0,0
5/10/22,,0,0
5/11/22,,0,0
5/12/22,,0,0
5/13/22,,0,0
5/14/22,,0,0
5/15/22,,0,0
5/16/22,,0,0
5/17/22,,0,0
5/18/22,,0,0
5/19/22,,0,0
5/20/22,,0,0
5/21/22,,0,0
5/22/22,,0,0
5/23/22,,0,0
5/24/22,,0,0
5/25/22,,0,0
5/26/22,Ascension Day,0,0
5/27/22,,0,0
5/28/22,,0,0
5/29/22,,0,0
5/30/22,,0,0
5/31/22,,0,0
6/1/22,,0,0
6/2/22,,0,0
6/3/22,,0,0
6/4/22,,0,0
6/5/22,Whit,0,0
6/6/22,Whit,0,0
6/7/22,,0,0
6/8/22,,0,0
6/9/22,,0,0
6/10/22,,0,0
6/11/22,,0,0
6/12/22,,0,0
6/13/22,,1,0
6/14/22,,1,0
6/15/22,,1,0
6/16/22,,1,0
6/17/22,,1,0
6/18/22,,1,0
6/19/22,,1,0
6/20/22,,1,0
6/21/22,,1,0
6/22/22,,1,0
6/23/22,,1,0
6/24/22,,1,0
6/25/22,,1,0
6/26/22,,1,0
6/27/22,,1,0
6/28/22,,1,0
6/29/22,,1,0
6/30/22,,1,0
7/1/22,,1,0
7/2/22,Summer Vacation,0,0
7/3/22,Summer Vacation,0,0
7/4/22,Summer Vacation,0,0
7/5/22,Summer Vacation,0,0
7/6/22,Summer Vacation,0,0
7/7/22,Summer Vacation,0,0
7/8/22,Summer Vacation,0,0
7/9/22,Summer Vacation,0,0
7/10/22,Summer Vacation,0,0
7/11/22,Summer Vacation,0,0
7/12/22,Summer Vacation,0,0
7/13/22,Summer Vacation,0,0
7/14/22,Summer Vacation,0,0
7/15/22,Summer Vacation,0,0
7/16/22,Summer Vacation,0,0
7/17/22,Summer Vacation,0,0
7/18/22,Summer Vacation,0,0
7/19/22,Summer Vacation,0,0
7/20/22,Summer Vacation,0,0
7/21/22,Summer Vacation,0,0
7/22/22,Summer Vacation,0,0
7/23/22,Summer Vacation,0,0
7/24/22,Summer Vacation,0,0
7/25/22,Summer Vacation,0,0
7/26/22,Summer Vacation,0,0
7/27/22,Summer Vacation,0,0
7/28/22,Summer Vacation,0,0
7/29/22,Summer Vacation,0,0
7/30/22,Summer Vacation,0,0
7/31/22,Summer Vacation,0,0
8/1/22,Summer Vacation,0,0
8/2/22,Summer Vacation,0,0
8/3/22,Summer Vacation,0,0
8/4/22,Summer Vacation,0,0
8/5/22,Summer Vacation,0,0
8/6/22,Summer Vacation,0,0
8/7/22,Summer Vacation,0,0
8/8/22,Summer Vacation,0,0
8/9/22,Summer Vacation,0,0
8/10/22,Summer Vacation,0,0
8/11/22,Summer Vacation,0,0
8/12/22,Summer Vacation,0,0
8/13/22,Summer Vacation,0,0
8/14/22,Summer Vacation,0,0
8/15/22,Summer Vacation,0,0
8/16/22,Summer Vacation,0,0
8/17/22,Summer Vacation,0,0
8/18/22,Summer Vacation,0,0
8/19/22,Summer Vacation,0,0
8/20/22,Summer Vacation,0,0
8/21/22,Summer Vacation,0,0
8/22/22,Summer Vacation,0,0
8/23/22,Summer Vacation,0,0
8/24/22,Summer Vacation,0,0
8/25/22,Summer Vacation,0,0
8/26/22,Summer Vacation,0,0
8/27/22,Summer Vacation,0,0
8/28/22,Summer Vacation,0,0
8/29/22,Summer Vacation,0,0
8/30/22,Summer Vacation,0,0
8/31/22,Summer Vacation,0,0
9/1/22,Summer Vacation,0,0
9/2/22,Summer Vacation,0,0
9/3/22,,0,0
9/4/22,,0,0
9/5/22,,0,0
9/6/22,,0,0
9/7/22,,0,0
9/8/22,,0,0
9/9/22,,0,0
9/10/22,,0,0
9/11/22,,0,0
9/12/22,,0,0
9/13/22,,0,0
9/14/22,,0,0
9/15/22,,0,0
9/16/22,,0,0
9/17/22,,0,0
9/18/22,,0,0
9/19/22,,0,0
9/20/22,,0,0
9/21/22,,0,0
9/22/22,,0,0
9/23/22,,0,0
9/24/22,,0,0
9/25/22,,0,0
9/26/22,,0,0
9/27/22,,0,0
9/28/22,,0,0
9/29/22,,0,0
9/30/22,,0,0
10/1/22,,0,0
10/2/22,,0,0
10/3/22,,0,0
10/4/22,,0,0
10/5/22,,0,0
10/6/22,,0,0
10/7/22,,0,0
10/8/22,,0,0
10/9/22,,0,0
10/10/22,,0,0
10/11/22,,0,0
10/12/22,,0,0
10/13/22,,0,0
10/14/22,,0,0
10/15/22,,0,0
10/16/22,,0,0
10/17/22,,0,0
10/18/22,,0,0
10/19/22,,0,0
10/20/22,,0,0
10/21/22,,0,0
10/22/22,,0,0
10/23/22,,0,0
10/24/22,,0,0
10/25/22,,0,0
10/26/22,,0,0
10/27/22,,0,0
10/28/22,,0,0
10/29/22,,0,0
10/30/22,,0,0
10/31/22,,1,0
11/1/22,,1,0
11/2/22,,1,0
11/3/22,,1,0
11/4/22,,1,0
11/5/22,,1,0
11/6/22,,1,0
11/7/22,,1,0
11/8/22,,1,0
11/9/22,,1,0
11/10/22,,1,0
11/11/22,,1,0
11/12/22,,0,0
11/13/22,,0,0
11/14/22,,0,0
11/15/22,,0,0
11/16/22,,0,0
11/17/22,,0,0
11/18/22,,0,0
11/19/22,,0,0
11/20/22,,0,0
11/21/22,,0,0
11/22/22,,0,0
11/23/22,,0,0
11/24/22,,0,0
11/25/22,,0,0
11/26/22,,0,0
11/27/22,,0,0
11/28/22,,0,0
11/29/22,,0,0
11/30/22,,0,0
12/1/22,,0,0
12/2/22,,0,0
12/3/22,,0,0
12/4/22,,0,0
12/5/22,,0,0
12/6/22,,0,0
12/7/22,,0,0
12/8/22,,0,0
12/9/22,,0,0
12/10/22,,0,0
12/11/22,,0,0
12/12/22,,0,0
12/13/22,,0,0
12/14/22,,0,0
12/15/22,,0,0
12/16/22,,0,0
12/17/22,,0,0
12/18/22,,0,0
12/19/22,,0,0
12/20/22,,0,0
12/21/22,,0,0
12/22/22,,0,0
12/23/22,,0,0
12/24/22,,0,0
12/25/22,Christmas Break,0,0
12/26/22,Christmas Break,0,0
12/27/22,Christmas Break,0,0
12/28/22,Christmas Break,0,0
12/29/22,Christmas Break,0,0
12/30/22,Christmas Break,0,0
12/31/22,Christmas Break,0,0
1/1/23,Christmas Break,0,0
1/2/23,Christmas Break,0,0
1/3/23,Christmas Break,0,0
1/4/23,Christmas Break,0,0
1/5/23,Christmas Break,0,0
1/6/23,Christmas Break,0,0
1/7/23,Christmas Break,0,0
1/8/23,Christmas Break,0,0
1/9/23,,0,0
1/10/23,,0,0
1/11/23,,0,0
1/12/23,,0,0
1/13/23,,0,0
1/14/23,,0,0
1/15/23,,0,0
1/16/23,,1,0
1/17/23,,1,0
1/18/23,,1,0
1/19/23,,1,0
1/20/23,,1,0
1/21/23,,1,0
1/22/23,,1,0
1/23/23,,1,0
1/24/23,,1,0
1/25/23,,1,0
1/26/23,,1,0
1/27/23,,1,0
1/28/23,,1,0
1/29/23,,1,0
1/30/23,,1,0
1/31/23,,1,0
2/1/23,,1,0
2/2/23,,1,0
2/3/23,,1,0
2/4/23,,0,0
2/5/23,,0,0
2/6/23,,0,0
2/7/23,,0,0
2/8/23,,0,0
2/9/23,,0,0
2/10/23,,0,0
2/11/23,,0,0
2/12/23,,0,0
2/13/23,,0,0
2/14/23,,0,0
2/15/23,,0,0
2/16/23,,0,0
2/17/23,,0,0
2/18/23,,0,0
2/19/23,,0,0
2/20/23,,0,0
2/21/23,,0,0
2/22/23,,0,0
2/23/23,,0,0
2/24/23,,0,0
2/25/23,,0,0
2/26/23,,0,0
2/27/23,,0,0
2/28/23,,0,0
3/1/23,,0,0
3/2/23,,0,0
3/3/23,,0,0
3/4/23,,0,0
3/5/23,,0,0
3/6/23,,0,0
3/7/23,,0,0
3/8/23,,0,0
3/9/23,,0,0
3/10/23,,0,0
3/11/23,,0,0
3/12/23,,0,0
3/13/23,,0,0
3/14/23,,0,0
3/15/23,,0,0
3/16/23,,0,0
3/17/23,,0,0
3/18/23,,0,0
3/19/23,,0,0
3/20/23,,0,0
3/21/23,,0,0
3/22/23,,0,0
3/23/23,,0,0
3/24/23,,0,0
3/25/23,,0,0
3/26/23,,0,0
3/27/23,,1,0
3/28/23,,1,0
3/29/23,,1,0
3/30/23,,1,0
3/31/23,,1,0
4/1/23,,1,0
4/2/23,,1,0
4/3/23,,1,0
4/4/23,,1,0
4/5/23,,1,0
4/6/23,,1,0
4/7/23,Easter,0,0
4/8/23,,0,0
4/9/23,Easter,0,0
4/10/23,Easter,0,0
4/11/23,,1,0
4/12/23,,1,0
4/13/23,,1,0
4/14/23,,1,0
4/15/23,,0,0
4/16/23,,0,0
4/17/23,,0,0
4/18/23,,0,0
4/19/23,,0,0
4/20/23,,0,0
4/21/23,,0,0
4/22/23,,0,0
4/23/23,,0,0
4/24/23,,0,0
4/25/23,,0,0
4/26/23,,0,0
4/27/23,Kingsday,0,0
4/28/23,,0,0
4/29/23,,0,0
4/30/23,,0,0
5/1/23,,0,0
5/2/23,,0,0
5/3/23,,0,0
5/4/23,,0,0
5/5/23,Liberation Day,0,0
5/6/23,,0,0
5/7/23,,0,0
5/8/23,,0,0
5/9/23,,0,0
5/10/23,,0,0
5/11/23,,0,0
5/12/23,,0,0
5/13/23,,0,0
5/14/23,,0,0
5/15/23,,0,0
5/16/23,,0,0
5/17/23,,0,0
5/18/23,Ascension Day,0,0
5/19/23,,0,0
5/20/23,,0,0
5/21/23,,0,0
5/22/23,,0,0
5/23/23,,0,0
5/24/23,,0,0
5/25/23,,0,0
5/26/23,,0,0
5/27/23,,0,0
5/28/23,,0,0
5/29/23,Whit,0,0
5/30/23,,0,0
5/31/23,,0,0
6/1/23,,0,0
6/2/23,,0,0
6/3/23,,0,0
6/4/23,,0,0
6/5/23,,0,0
6/6/23,,0,0
6/7/23,,0,0
6/8/23,,0,0
6/9/23,,0,0
6/10/23,,0,0
6/11/23,,0,0
6/12/23,,1,0
6/13/23,,1,0
6/14/23,,1,0
6/15/23,,1,0
6/16/23,,1,0
6/17/23,,1,0
6/18/23,,1,0
6/19/23,,1,0
6/20/23,,1,0
6/21/23,,1,0
6/22/23,,1,0
6/23/23,,1,0
6/24/23,,1,0
6/25/23,,1,0
6/26/23,,1,0
6/27/23,,1,0
6/28/23,,1,0
6/29/23,,1,0
6/30/23,,1,0
7/1/23,Summer Vacation,0,0
7/2/23,Summer Vacation,0,0
7/3/23,Summer Vacation,0,0
7/4/23,Summer Vacation,0,0
7/5/23,Summer Vacation,0,0
7/6/23,Summer Vacation,0,0
7/7/23,Summer Vacation,0,0
7/8/23,Summer Vacation,0,0
7/9/23,Summer Vacation,0,0
7/10/23,Summer Vacation,0,0
7/11/23,Summer Vacation,0,0
7/12/23,Summer Vacation,0,0
7/13/23,Summer Vacation,0,0
7/14/23,Summer Vacation,0,0
7/15/23,Summer Vacation,0,0
7/16/23,Summer Vacation,0,0
7/17/23,Summer Vacation,0,0
7/18/23,Summer Vacation,0,0
7/19/23,Summer Vacation,0,0
7/20/23,Summer Vacation,0,0
7/21/23,Summer Vacation,0,0
7/22/23,Summer Vacation,0,0
7/23/23,Summer Vacation,0,0
7/24/23,Summer Vacation,0,0
7/25/23,Summer Vacation,0,0
7/26/23,Summer Vacation,0,0
7/27/23,Summer Vacation,0,0
7/28/23,Summer Vacation,0,0
7/29/23,Summer Vacation,0,0
7/30/23,Summer Vacation,0,0
7/31/23,Summer Vacation,0,0
8/1/23,Summer Vacation,0,0
8/2/23,Summer Vacation,0,0
8/3/23,Summer Vacation,0,0
8/4/23,Summer Vacation,0,0
8/5/23,Summer Vacation,0,0
8/6/23,Summer Vacation,0,0
8/7/23,Summer Vacation,0,0
8/8/23,Summer Vacation,0,0
8/9/23,Summer Vacation,0,0
8/10/23,Summer Vacation,0,0
8/11/23,Summer Vacation,0,0
8/12/23,Summer Vacation,0,0
8/13/23,Summer Vacation,0,0
8/14/23,Summer Vacation,0,0
8/15/23,Summer Vacation,0,0
8/16/23,Summer Vacation,0,0
8/17/23,Summer Vacation,0,0
8/18/23,Summer Vacation,0,0
8/19/23,Summer Vacation,0,0
8/20/23,Summer Vacation,0,0
8/21/23,Summer Vacation,0,0
8/22/23,Summer Vacation,0,0
8/23/23,Summer Vacation,0,0
8/24/23,Summer Vacation,0,0
8/25/23,Summer Vacation,0,0
8/26/23,Summer Vacation,0,0
8/27/23,Summer Vacation,0,0
8/28/23,Summer Vacation,0,0
8/29/23,Summer Vacation,0,0
8/30/23,Summer Vacation,0,0
8/31/23,Summer Vacation,0,0
9/1/23,Summer Vacation,0,0
9/2/23,Summer Vacation,0,0
9/3/23,Summer Vacation,0,0
9/4/23,,0,0
9/5/23,,0,0
9/6/23,,0,0
9/7/23,,0,0
9/8/23,,0,0
9/9/23,,0,0
9/10/23,,0,0
9/11/23,,0,0
9/12/23,,0,0
9/13/23,,0,0
9/14/23,,0,0
9/15/23,,0,0
9/16/23,,0,0
9/17/23,,0,0
9/18/23,,0,0
9/19/23,,0,0
9/20/23,,0,0
9/21/23,,0,0
9/22/23,,0,0
9/23/23,,0,0
9/24/23,,0,0
9/25/23,,0,0
9/26/23,,0,0
9/27/23,,0,0
9/28/23,,0,0
9/29/23,,0,0
9/30/23,,0,0
10/1/23,,0,0
10/2/23,,0,0
10/3/23,,0,0
10/4/23,,0,0
10/5/23,,0,0
10/6/23,,0,0
10/7/23,,0,0
10/8/23,,0,0
10/9/23,,0,0
10/10/23,,0,0
10/11/23,,0,0
10/12/23,,0,0
10/13/23,,0,0
10/14/23,,0,0
10/15/23,,0,0
10/16/23,,0,0
10/17/23,,0,0
10/18/23,,0,0
10/19/23,,0,0
10/20/23,,0,0
10/21/23,,0,0
10/22/23,,0,0
10/23/23,,0,0
10/24/23,,0,0
10/25/23,,0,0
10/26/23,,0,0
10/27/23,,0,0
10/28/23,,0,0
10/29/23,,0,0
10/30/23,,1,0
10/31/23,,1,0
11/1/23,,1,0
11/2/23,,1,0
11/3/23,,1,0
11/4/23,,1,0
11/5/23,,1,0
11/6/23,,1,0
11/7/23,,1,0
11/8/23,,1,0
11/9/23,,1,0
11/10/23,,1,0
11/11/23,,0,0
11/12/23,,0,0
11/13/23,,0,0
11/14/23,,0,0
11/15/23,,0,0
11/16/23,,0,0
11/17/23,,0,0
11/18/23,,0,0
11/19/23,,0,0
11/20/23,,0,0
11/21/23,,0,0
11/22/23,,0,0
11/23/23,,0,0
11/24/23,,0,0
11/25/23,,0,0
11/26/23,,0,0
11/27/23,,0,0
11/28/23,,0,0
11/29/23,,0,0
11/30/23,,0,0
12/1/23,,0,0
12/2/23,,0,0
12/3/23,,0,0
12/4/23,,0,0
12/5/23,,0,0
12/6/23,,0,0
12/7/23,,0,0
12/8/23,,0,0
12/9/23,,0,0
12/10/23,,0,0
12/11/23,,0,0
12/12/23,,0,0
12/13/23,,0,0
12/14/23,,0,0
12/15/23,,0,0
12/16/23,,0,0
12/17/23,,0,0
12/18/23,,0,0
12/19/23,,0,0
12/20/23,,0,0
12/21/23,,0,0
12/22/23,,0,0
12/23/23,,0,0
12/24/23,,0,0
12/25/23,Christmas Break,0,0
12/26/23,Christmas Break,0,0
12/27/23,Christmas Break,0,0
12/28/23,Christmas Break,0,0
12/29/23,Christmas Break,0,0
12/30/23,Christmas Break,0,0
12/31/23,Christmas Break,0,0
1/1/24,Christmas Break,0,0
1/2/24,Christmas Break,0,0
1/3/24,Christmas Break,0,0
1/4/24,Christmas Break,0,0
1/5/24,Christmas Break,0,0
1/6/24,Christmas Break,0,0
1/7/24,Christmas Break,0,0
1/8/24,,0,0
1/9/24,,0,0
1/10/24,,0,0
1/11/24,,0,0
1/12/24,,0,0
1/13/24,,0,0
1/14/24,,0,0
1/15/24,,1,0
1/16/24,,1,0
1/17/24,,1,0
1/18/24,,1,0
1/19/24,,1,0
1/20/24,,1,0
1/21/24,,1,0
1/22/24,,1,0
1/23/24,,1,0
1/24/24,,1,0
1/25/24,,1,0
1/26/24,,1,0
1/27/24,,1,0
1/28/24,,1,0
1/29/24,,1,0
1/30/24,,1,0
1/31/24,,1,0
2/1/24,,1,0
2/2/24,,1,0
2/3/24,,0,0
2/4/24,,0,0
2/5/24,,0,0
2/6/24,,0,0
2/7/24,,0,0
2/8/24,,0,0
2/9/24,,0,0
2/10/24,,0,0
2/11/24,,0,0
2/12/24,,0,0
2/13/24,,0,0
2/14/24,,0,0
2/15/24,,0,0
2/16/24,,0,0
2/17/24,,0,0
2/18/24,,0,0
2/19/24,,0,0
2/20/24,,0,0
2/21/24,,0,0
2/22/24,,0,0
2/23/24,,0,0
2/24/24,,0,0
2/25/24,,0,0
2/26/24,,0,0
2/27/24,,0,0
2/28/24,,0,0
2/29/24,,0,0
3/1/24,,0,0
3/2/24,,0,0
3/3/24,,0,0
3/4/24,,0,0
3/5/24,,0,0
3/6/24,,0,0
3/7/24,,0,0
3/8/24,,0,0
3/9/24,,0,0
3/10/24,,0,0
3/11/24,,0,0
3/12/24,,0,0
3/13/24,,0,0
3/14/24,,0,0
3/15/24,,0,0
3/16/24,,0,0
3/17/24,,0,0
3/18/24,,0,0
3/19/24,,0,0
3/20/24,,0,0
3/21/24,,0,0
3/22/24,,0,0
3/23/24,,0,0
3/24/24,,0,0
3/25/24,,1,0
3/26/24,,1,0
3/27/24,,1,0
3/28/24,,1,0
3/29/24,Easter,0,0
3/30/24,,0,0
3/31/24,,0,0
4/1/24,Easter,0,0
4/2/24,,1,0
4/3/24,,1,0
4/4/24,,1,0
4/5/24,,1,0
4/6/24,,1,0
4/7/24,,1,0
4/8/24,,1,0
4/9/24,,1,0
4/10/24,,1,0
4/11/24,,1,0
4/12/24,,1,0
4/13/24,,0,0
4/14/24,,0,0
4/15/24,,0,0
4/16/24,,0,0
4/17/24,,0,0
4/18/24,,0,0
4/19/24,,0,0
4/20/24,,0,0
4/21/24,,0,0
4/22/24,,0,0
4/23/24,,0,0
4/24/24,,0,0
4/25/24,,0,0
4/26/24,,0,0
4/27/24,Kingsday,0,0
4/28/24,,0,0
4/29/24,,0,0
4/30/24,,0,0
5/1/24,,0,0
5/2/24,,0,0
5/3/24,,0,0
5/4/24,,0,0
5/5/24,Liberation Day,0,0
5/6/24,,0,0
5/7/24,,0,0
5/8/24,,0,0
5/9/24,Ascension Day,0,0
5/10/24,,0,0
5/11/24,,0,0
5/12/24,,0,0
5/13/24,,0,0
5/14/24,,0,0
5/15/24,,0,0
5/16/24,,0,0
5/17/24,,0,0
5/18/24,,0,0
5/19/24,,0,0
5/20/24,Whit,0,0
5/21/24,,0,0
5/22/24,,0,0
5/23/24,,0,0
5/24/24,,0,0
5/25/24,,0,0
5/26/24,,0,0
5/27/24,,0,0
5/28/24,,0,0
5/29/24,,0,0
5/30/24,,0,0
5/31/24,,0,0
6/1/24,,0,0
6/2/24,,0,0
6/3/24,,0,0
6/4/24,,0,0
6/5/24,,0,0
6/6/24,,0,0
6/7/24,,0,0
6/8/24,,0,0
6/9/24,,0,0
6/10/24,,0,0
6/11/24,,0,0
6/12/24,,0,0
6/13/24,,0,0
6/14/24,,0,0
6/15/24,,0,0
6/16/24,,0,0
6/17/24,,0,0
6/18/24,,0,0
6/19/24,,0,0
6/20/24,,0,0
6/21/24,,0,0
6/22/24,,0,0
6/23/24,,0,0
6/24/24,,0,0
6/25/24,,0,0
6/26/24,,0,0
6/27/24,,0,0
6/28/24,,0,0
6/29/24,,0,0
6/30/24,,0,0
7/1/24,,0,0
7/2/24,,0,0
7/3/24,,0,0
7/4/24,,0,0
7/5/24,,0,0
7/6/24,,0,0
7/7/24,,0,0
7/8/24,,0,0
7/9/24,,0,0
7/10/24,,1,0
7/11/24,,1,0
7/12/24,,1,0
7/13/24,,1,0
7/14/24,,1,0
7/15/24,,1,0
7/16/24,,1,0
7/17/24,,1,0
7/18/24,,1,0
7/19/24,,1,0
7/20/24,,1,0
7/21/24,,1,0
7/22/24,,1,0
7/23/24,,1,0
7/24/24,,1,0
7/25/24,,1,0
7/26/24,,1,0
7/27/24,,1,0
7/28/24,,1,0
7/29/24,Summer Vacation,0,0
7/30/24,Summer Vacation,0,0
7/31/24,Summer Vacation,0,0
8/1/24,Summer Vacation,0,0
8/2/24,Summer Vacation,0,0
8/3/24,Summer Vacation,0,0
8/4/24,Summer Vacation,0,0
8/5/24,Summer Vacation,0,0
8/6/24,Summer Vacation,0,0
8/7/24,Summer Vacation,0,0
8/8/24,Summer Vacation,0,0
8/9/24,Summer Vacation,0,0
8/10/24,Summer Vacation,0,0
8/11/24,Summer Vacation,0,0
8/12/24,Summer Vacation,0,0
8/13/24,Summer Vacation,0,0
8/14/24,Summer Vacation,0,0
8/15/24,Summer Vacation,0,0
8/16/24,Summer Vacation,0,0
8/17/24,Summer Vacation,0,0
8/18/24,Summer Vacation,0,0
8/19/24,Summer Vacation,0,0
8/20/24,Summer Vacation,0,0
8/21/24,Summer Vacation,0,0
8/22/24,Summer Vacation,0,0
8/23/24,Summer Vacation,0,0
8/24/24,Summer Vacation,0,0
8/25/24,Summer Vacation,0,0
8/26/24,Summer Vacation,0,0
8/27/24,Summer Vacation,0,0
8/28/24,Summer Vacation,0,0
8/29/24,Summer Vacation,0,0
8/30/24,Summer Vacation,0,0
8/31/24,Summer Vacation,0,0
9/1/24,Summer Vacation,0,0
9/2/24,,0,0
9/3/24,,0,0
9/4/24,,0,0
9/5/24,,0,0
9/6/24,,0,0
9/7/24,,0,0
9/8/24,,0,0
9/9/24,,0,0
9/10/24,,0,0
9/11/24,,0,0
9/12/24,,0,0
9/13/24,,0,0
9/14/24,,0,0
9/15/24,,0,0
9/16/24,,0,0
9/17/24,,0,0
9/18/24,,0,0
9/19/24,,0,0
9/20/24,,0,0
9/21/24,,0,0
9/22/24,,0,0
9/23/24,,0,0
9/24/24,,0,0
9/25/24,,0,0
9/26/24,,0,0
9/27/24,,0,0
9/28/24,,0,0
9/29/24,,0,0
9/30/24,,0,0
10/1/24,,0,0
10/2/24,,0,0
10/3/24,,0,0
10/4/24,,0,0
10/5/24,,0,0
10/6/24,,0,0
10/7/24,,0,0
10/8/24,,0,0
10/9/24,,0,0
10/10/24,,0,0
10/11/24,,0,0
10/12/24,,0,0
10/13/24,,0,0
10/14/24,,0,0
10/15/24,,0,0
10/16/24,,0,0
10/17/24,,0,0
10/18/24,,0,0
10/19/24,,0,0
10/20/24,,0,0
10/21/24,,0,0
10/22/24,,0,0
10/23/24,,0,0
10/24/24,,0,0
10/25/24,,0,0
10/26/24,,0,0
10/27/24,,0,0
10/28/24,,1,0
10/29/24,,1,0
10/30/24,,1,0
10/31/24,,1,0
11/1/24,,1,0
11/2/24,,1,0
11/3/24,,1,0
11/4/24,,1,0
11/5/24,,1,0
11/6/24,,1,0
11/7/24,,1,0
11/8/24,,1,0
11/9/24,,0,0
11/10/24,,0,0
11/11/24,,0,0
11/12/24,,0,0
11/13/24,,0,0
11/14/24,,0,0
11/15/24,,0,0
11/16/24,,0,0
11/17/24,,0,0
11/18/24,,0,0
11/19/24,,0,0
11/20/24,,0,0
11/21/24,,0,0
11/22/24,,0,0
11/23/24,,0,0
11/24/24,,0,0
11/25/24,,0,0
11/26/24,,0,0
11/27/24,,0,0
11/28/24,,0,0
11/29/24,,0,0
11/30/24,,0,0
12/1/24,,0,0
12/2/24,,0,0
12/3/24,,0,0
12/4/24,,0,0
12/5/24,,0,0
12/6/24,,0,0
12/7/24,,0,0
12/8/24,,0,0
12/9/24,,0,0
12/10/24,,0,0
12/11/24,,0,0
12/12/24,,0,0
12/13/24,,0,0
12/14/24,,0,0
12/15/24,,0,0
12/16/24,,0,0
12/17/24,,0,0
12/18/24,,0,0
12/19/24,,0,0
12/20/24,,0,0
12/21/24,,0,0
12/22/24,,0,0
12/23/24,Christmas Break,0,0
12/24/24,Christmas Break,0,0
12/25/24,Christmas Break,0,0
12/26/24,Christmas Break,0,0
12/27/24,Christmas Break,0,0
12/28/24,Christmas Break,0,0
12/29/24,Christmas Break,0,0
12/30/24,Christmas Break,0,0
12/31/24,Christmas Break,0,0
1/1/25,Christmas Break,0,0
1/2/25,Christmas Break,0,0
1/3/25,Christmas Break,0,0
1/4/25,Christmas Break,0,0
1/5/25,Christmas Break,0,0
1/6/25,,0,0
1/7/25,,0,0
1/8/25,,0,0
1/9/25,,0,0
1/10/25,,0,0
1/11/25,,0,0
1/12/25,,0,0
1/13/25,,1,0
1/14/25,,1,0
1/15/25,,1,0
1/16/25,,1,0
1/17/25,,1,0
1/18/25,,1,0
1/19/25,,1,0
1/20/25,,1,0
1/21/25,,1,0
1/22/25,,1,0
1/23/25,,1,0
1/24/25,,1,0
1/25/25,,1,0
1/26/25,,1,0
1/27/25,,1,0
1/28/25,,1,0
1/29/25,,1,0
1/30/25,,1,0
1/31/25,,1,0
2/1/25,,0,0
2/2/25,,0,0
2/3/25,,0,0
2/4/25,,0,0
2/5/25,,0,0
2/6/25,,0,0
2/7/25,,0,0
2/8/25,,0,0
2/9/25,,0,0
2/10/25,,0,0
2/11/25,,0,0
2/12/25,,0,0
2/13/25,,0,0
2/14/25,,0,0
2/15/25,,0,0
2/16/25,,0,0
2/17/25,,0,0
2/18/25,,0,0
2/19/25,,0,0
2/20/25,,0,0
2/21/25,,0,0
2/22/25,,0,0
2/23/25,,0,0
2/24/25,,0,0
2/25/25,,0,0
2/26/25,,0,0
2/27/25,,0,0
2/28/25,,0,0
3/1/25,,0,0
3/2/25,,0,0
3/3/25,,0,0
3/4/25,,0,0
3/5/25,,0,0
3/6/25,,0,0
3/7/25,,0,0
3/8/25,,0,0
3/9/25,,0,0
3/10/25,,0,0
3/11/25,,0,0
3/12/25,,0,0
3/13/25,,0,0
3/14/25,,0,0
3/15/25,,0,0
3/16/25,,0,0
3/17/25,,0,0
3/18/25,,0,0
3/19/25,,0,0
3/20/25,,0,0
3/21/25,,0,0
3/22/25,,0,0
3/23/25,,0,0
3/24/25,,1,0
3/25/25,,1,0
3/26/25,,1,0
3/27/25,,1,0
3/28/25,,1,0
3/29/25,,1,0
3/30/25,,1,0
3/31/25,,1,0
4/1/25,,1,0
4/2/25,,1,0
4/3/25,,1,0
4/4/25,,1,0
4/5/25,,1,0
4/6/25,,1,0
4/7/25,,1,0
4/8/25,,1,0
4/9/25,,1,0
4/10/25,,1,0
4/11/25,,1,0
4/12/25,,0,0
4/13/25,,0,0
4/14/25,,0,0
4/15/25,,0,0
4/16/25,,0,0
4/17/25,,0,0
4/18/25,Easter,0,0
4/19/25,,0,0
4/20/25,Easter,0,0
4/21/25,Easter,0,0
4/22/25,,0,0
4/23/25,,0,0
4/24/25,,0,0
4/25/25,,0,0
4/26/25,,0,0
4/27/25,Kingsday,0,0
4/28/25,,0,0
4/29/25,,0,0
4/30/25,,0,0
5/1/25,,0,0
5/2/25,,0,0
5/3/25,,0,0
5/4/25,,0,0
5/5/25,Liberation Day,0,0
5/6/25,,0,0
5/7/25,,0,0
5/8/25,,0,0
5/9/25,,0,0
5/10/25,,0,0
5/11/25,,0,0
5/12/25,,0,0
5/13/25,,0,0
5/14/25,,0,0
5/15/25,,0,0
5/16/25,,0,0
5/17/25,,0,0
5/18/25,,0,0
5/19/25,,0,0
5/20/25,,0,0
5/21/25,,0,0
5/22/25,,0,0
5/23/25,,0,0
5/24/25,,0,0
5/25/25,,0,0
5/26/25,,0,0
5/27/25,,0,0
5/28/25,,0,0
5/29/25,Ascension Day,0,0
5/30/25,,0,0
5/31/25,,0,0
6/1/25,,0,0
6/2/25,,0,0
6/3/25,,0,0
6/4/25,,0,0
6/5/25,,0,0
6/6/25,,0,0
6/7/25,,0,0
6/8/25,Whit,0,0
6/9/25,Whit,0,0
6/10/25,,1,0
6/11/25,,1,0
6/12/25,,1,0
6/13/25,,1,0
6/14/25,,1,0
6/15/25,,1,0
6/16/25,,1,0
6/17/25,,1,0
6/18/25,,1,0
6/19/25,,1,0
6/20/25,,1,0
6/21/25,,1,0
6/22/25,,1,0
6/23/25,,1,0
6/24/25,,1,0
6/25/25,,1,0
6/26/25,,1,0
6/27/25,,1,0
6/28/25,,1,0
6/29/25,,1,0
6/30/25,,1,0
7/1/25,,1,0
7/2/25,,1,0
7/3/25,,1,0
7/4/25,,1,0
7/5/25,,1,0
7/6/25,,1,0
7/7/25,,1,0
7/8/25,,1,0
7/9/25,,1,0
7/10/25,,1,0
7/11/25,,1,0
7/12/25,,0,0
7/13/25,,0,0
7/14/25,Summer Vacation,0,0
7/15/25,Summer Vacation,0,0
7/16/25,Summer Vacation,0,0
7/17/25,Summer Vacation,0,0
7/18/25,Summer Vacation,0,0
7/19/25,Summer Vacation,0,0
7/20/25,Summer Vacation,0,0
7/21/25,Summer Vacation,0,0
7/22/25,Summer Vacation,0,0
7/23/25,Summer Vacation,0,0
7/24/25,Summer Vacation,0,0
7/25/25,Summer Vacation,0,0
7/26/25,Summer Vacation,0,0
7/27/25,Summer Vacation,0,0
7/28/25,Summer Vacation,0,0
7/29/25,Summer Vacation,0,0
7/30/25,Summer Vacation,0,0
7/31/25,Summer Vacation,0,0
,,,
,,,
,,,
,,,
,,,
,,,
,,,
,,,
,,,
,,,
,,,
,,,
,,,
,,,
,,,
,,,
,,,
,,,
,,,
,,,
,,,
,,,
,,,
,,,
,,,
,,,
,,,
,,,
,,,
,,,
,,,
,,,
,,,
,,,
,,,
,,,
,,,
,,,
,,,
,,,
,,,
,,,
,,,
,,,
,,,
,,,
,,,
,,,
,,,
,,,
,,,
,,,
,,,
,,,
,,,
,,,
,,,
,,,
,,,
,,,
,,,
,,,
,,,
,,,
,,,
,,,
,,,
,,,
,,,
,,,
,,,
,,,
,,,
,,,
,,,
,,,
,,,
,,,
,,,
,,,
,,,
,,,
,,,
,,,
,,,
,,,
,,,
,,,
,,,
,,,
,,,
,,,
,,,
,,,
,,,
,,,
,,,
,,,
,,,
,,,
,,,
,,,
,,,
,,,
,,,
,,,
,,,
,,,
,,,
,,,
,,,
,,,
,,,
,,,
,,,
,,,
,,,
,,,
,,,
,,,
,,,
,,,
,,,
,,,
,,,
,,,
,,,
,,,
,,,
,,,
,,,
,,,
,,,
,,,
,,,
,,,
,,,
,,,
,,,
,,,
,,,
,,,
,,,
,,,
,,,
,,,
,,,
,,,
,,,
,,,
,,,
,,,
,,,
,,,
,,,
,,,
,,,
,,,
,,,
,,,
,,,
,,,
,,,
,,,
,,,
,,,
,,,
,,,
,,,
,,,
,,,
,,,
,,,
,,,
,,,
,,,
,,,
,,,
,,,
,,,
,,,
,,,
,,,
,,,
,,,
,,,
,,,
,,,
,,,
,,,
,,,
,,,
,,,
,,,
,,,
,,,
,,,
,,,
,,,
,,,
,,,
,,,
,,,
,,,
,,,
,,,
,,,
,,,
,,,
,,,
,,,
,,,
,,,
,,,
,,,
,,,
,,,
,,,
,,,
,,,
,,,
,,,
,,,
,,,
,,,
,,,
,,,
,,,
,,,
,,,
,,,
,,,
,,,
,,,
,,,
,,,
,,,
,,,
,,,
,,,
,,,
,,,
,,,
,,,
,,,
,,,
,,,
,,,
,,,
,,,
,,,
,,,
,,,
,,,
,,,
,,,
,,,
,,,
,,,
,,,
,,,
,,,
,,,
,,,
,,,
,,,
,,,
,,,
,,,
,,,
,,,
,,,
,,,
,,,
,,,
,,,
,,,
,,,
,,,
,,,
,,,
,,,
,,,
,,,
,,,
,,,
,,,
,,,
,,,
,,,
,,,
,,,
,,,
,,,
,,,
,,,
,,,
,,,
,,,
,,,
,,,
,,,
,,,
,,,
,,,
,,,
,,,
,,,
,,,
,,,
,,,
,,,
,,,
,,,
,,,
,,,
,,,
,,,
,,,
,,,
,,,
,,,
,,,
,,,
,,,
,,,
,,,
,,,
,,,
,,,
,,,
,,,
,,,
,,,
,,,
,,,
,,,
,,,
,,,
,,,
,,,
,,,
,,,
,,,
,,,
,,,
,,,
,,,
,,,
,,,
,,,
,,,
,,,
,,,
,,,
,,,
,,,
,,,
,,,
,,,
,,,
,,,
,,,
,,,
,,,
,,,
,,,
,,,
,,,
,,,
,,,
,,,
,,,
,,,
,,,
,,,
,,,
,,,
,,,
,,,
,,,
,,,
,,,
,,,
,,,
,,,
,,,
,,,
,,,
,,,
,,,
,,,
,,,
,,,
,,,
,,,
,,,
,,,
,,,
,,,
,,,
,,,
,,,
,,,
,,,
,,,
,,,
,,,
,,,
,,,
,,,
,,,
,,,
,,,
,,,
,,,
,,,
,,,
,,,
,,,
,,,
,,,
,,,
,,,
,,,
,,,
,,,
,,,
,,,
,,,
,,,
,,,
,,,
,,,
,,,
,,,
,,,
,,,
,,,
,,,
,,,
,,,
,,,
,,,
,,,
,,,
,,,
,,,
,,,
,,,
,,,
,,,
,,,
,,,
,,,
,,,
,,,
,,,
,,,
,,,
,,,
,,,
,,,
,,,
,,,
,,,
,,,
,,,
,,,
,,,
,,,
,,,
,,,
,,,
,,,
,,,
,,,
,,,
,,,
,,,
,,,
,,,
,,,
,,,
,,,
,,,
,,,
,,,
,,,
,,,
,,,
,,,
,,,
,,,
,,,
,,,
,,,
,,,
,,,
,,,
,,,
,,,
,,,
,,,
,,,
,,,
,,,
,,,
,,,
,,,
,,,
,,,
,,,
,,,
,,,
,,,
,,,
,,,
,,,
,,,
,,,
,,,
,,,
,,,
,,,
,,,
,,,
,,,
,,,
,,,
,,,
,,,
,,,
,,,
,,,
,,,
,,,
,,,
,,,
,,,
,,,
,,,
,,,
,,,
,,,
,,,
,,,
,,,
,,,
,,,
,,,
,,,
,,,
,,,
,,,
,,,
,,,
,,,
,,,
,,,
,,,