Klant nr,Geslacht Man,Geslacht vrouw,Omschrijving
226676,,Vrouw,Fitness Card 2021/2022
228069,,Vrouw,Fitness Card 2021/2022
227923,Man,,Fitness Card 2021/2022
227950,,Vrouw,Fitness Card 2021/2022
228116,Man,,Fitness Card 2021/2022
203583,Man,,Fitness Card 2021/2022
227871,,Vrouw,Fitness Card 2021/2022
216650,Man,,Fitness Card 2021/2022
228125,Man,,Fitness Card 2021/2022
189970,Man,,Fitness Card 2021/2022
228175,Man,,Fitness Card 2021/2022
228181,Man,,Fitness Card 2021/2022
228189,Man,,Fitness Card 2021/2022
215379,,Vrouw,Fitness Card 2021/2022
194795,,Vrouw,Fitness Card 2021/2022
228211,Man,,Fitness Card 2021/2022
228217,,Vrouw,Fitness Card 2021/2022
213309,Man,,Fitness Card 2021/2022
228267,,Vrouw,Fitness Card 2021/2022
213658,Man,,Fitness Card 2021/2022
228301,Man,,Fitness Card 2021/2022
228302,,Vrouw,Fitness Card 2021/2022
226896,Man,,Fitness Card 2021/2022
228093,Man,,Fitness Card 2021/2022
207189,Man,,Fitness Card 2021/2022
228335,,,Fitness Card 2021/2022
228341,Man,,Fitness Card 2021/2022
212661,Man,,Fitness Card 2021/2022
220932,,Vrouw,Fitness Card 2021/2022
188178,,Vrouw,Fitness Card 2021/2022
228442,Man,,Fitness Card 2021/2022
228449,Man,,Fitness Card 2021/2022
228237,,Vrouw,Fitness Card 2021/2022
227941,,Vrouw,Fitness Card 2021/2022
228487,Man,,Fitness Card 2021/2022
225681,Man,,Fitness Card 2021/2022
185395,,Vrouw,Fitness Card 2021/2022
228528,Man,,Fitness Card 2021/2022
228379,Man,,Fitness Card 2021/2022
228541,Man,,Fitness Card 2021/2022
194965,Man,,Fitness Card 2021/2022
222135,,Vrouw,Fitness Card 2021/2022
172698,Man,,Fitness Card 2021/2022
212805,,Vrouw,Fitness Card 2021/2022
203388,,Vrouw,Fitness Card 2021/2022
228638,Man,,Fitness Card 2021/2022
228636,Man,,Fitness Card 2021/2022
228659,Man,,Fitness Card 2021/2022
222180,,Vrouw,Fitness Card 2021/2022
228509,,Vrouw,Fitness Card 2021/2022
228686,Man,,Fitness Card 2021/2022
219540,,Vrouw,Fitness Card 2021/2022
227303,Man,,Fitness Card 2021/2022
172106,Man,,Fitness Card 2021/2022
228437,Man,,Fitness Card 2021/2022
223258,Man,,Fitness Card 2021/2022
228700,Man,,Fitness Card 2021/2022
228234,Man,,Fitness Card 2021/2022
228703,Man,,Fitness Card 2021/2022
195288,,Vrouw,Fitness Card 2021/2022
228717,Man,,Fitness Card 2021/2022
221362,,Vrouw,Fitness Card 2021/2022
220772,,Vrouw,Fitness Card 2021/2022
213922,,Vrouw,Fitness Card 2021/2022
213003,,Vrouw,Fitness Card 2021/2022
228003,,Vrouw,Fitness Card 2021/2022
228751,Man,,Fitness Card 2021/2022
183481,Man,,Fitness Card 2021/2022
207685,Man,,Fitness Card 2021/2022
227838,Man,,Fitness Card 2021/2022
228783,Man,,Fitness Card 2021/2022
214372,,Vrouw,Fitness Card 2021/2022
228246,Man,,Fitness Card 2021/2022
223378,,Vrouw,Fitness Card 2021/2022
227895,Man,,Fitness Card 2021/2022
217979,Man,,Fitness Card 2021/2022
203942,Man,,Fitness Card 2021/2022
221771,,Vrouw,Fitness Card 2021/2022
221771,,Vrouw,Fitness Card 2021/2022
227936,,Vrouw,Fitness Card 2021/2022
221290,,Vrouw,Fitness Card 2021/2022
228645,Man,,Fitness Card 2021/2022
228866,Man,,Fitness Card 2021/2022
228474,Man,,Fitness Card 2021/2022
218560,,Vrouw,Fitness Card 2021/2022
134886,Man,,Fitness Card 2021/2022
228909,,Vrouw,Fitness Card 2021/2022
228861,Man,,Fitness Card 2021/2022
228932,,Vrouw,Fitness Card 2021/2022
228935,,,Fitness Card 2021/2022
228236,Man,,Fitness Card 2021/2022
228952,Man,,Fitness Card 2021/2022
223732,Man,,Fitness Card 2021/2022
212114,Man,,Fitness Card 2021/2022
203641,Man,,Fitness Card 2021/2022
228963,Man,,Fitness Card 2021/2022
222132,Man,,Fitness Card 2021/2022
210566,,Vrouw,Fitness Card 2021/2022
222020,,Vrouw,Fitness Card 2021/2022
223790,Man,,Fitness Card 2021/2022
222398,Man,,Fitness Card 2021/2022
225038,Man,,Fitness Card 2021/2022
228994,Man,,Fitness Card 2021/2022
204702,,Vrouw,Fitness Card 2021/2022
225624,Man,,Fitness Card 2021/2022
208783,,Vrouw,Fitness Card 2021/2022
220242,,Vrouw,Fitness Card 2021/2022
204602,,Vrouw,Fitness Card 2021/2022
219300,Man,,Fitness Card 2021/2022
177125,,Vrouw,Fitness Card 2021/2022
227039,,Vrouw,Fitness Card 2021/2022
212771,Man,,Fitness Card 2021/2022
222313,Man,,Fitness Card 2021/2022
194788,Man,,Fitness Card 2021/2022
227025,,Vrouw,Fitness Card 2021/2022
229076,Man,,Fitness Card 2021/2022
229084,,Vrouw,Fitness Card 2021/2022
208524,Man,,Fitness Card 2021/2022
220449,Man,,Fitness Card 2021/2022
224103,,Vrouw,Fitness Card 2021/2022
211481,Man,,Fitness Card 2021/2022
224294,Man,,Fitness Card 2021/2022
227672,Man,,Fitness Card 2021/2022
227932,Man,,Fitness Card 2021/2022
229105,Man,,Fitness Card 2021/2022
220804,,Vrouw,Fitness Card 2021/2022
224391,Man,,Fitness Card 2021/2022
179441,Man,,Fitness Card 2021/2022
229116,Man,,Fitness Card 2021/2022
226475,Man,,Fitness Card 2021/2022
150719,,Vrouw,Fitness Card 2021/2022
228664,Man,,Fitness Card 2021/2022
217514,Man,,Fitness Card 2021/2022
219311,Man,,Fitness Card 2021/2022
194217,Man,,Fitness Card 2021/2022
227938,Man,,Fitness Card 2021/2022
229047,Man,,Fitness Card 2021/2022
229172,Man,,Fitness Card 2021/2022
222280,Man,,Fitness Card 2021/2022
228316,Man,,Fitness Card 2021/2022
229183,Man,,Fitness Card 2021/2022
223778,Man,,Fitness Card 2021/2022
221702,Man,,Fitness Card 2021/2022
229204,Man,,Fitness Card 2021/2022
226901,Man,,Fitness Card 2021/2022
221733,,Vrouw,Fitness Card 2021/2022
229224,Man,,Fitness Card 2021/2022
217361,,Vrouw,Fitness Card 2021/2022
227976,Man,,Fitness Card 2021/2022
196517,,Vrouw,Fitness Card 2021/2022
222387,,Vrouw,Fitness Card 2021/2022
213340,,Vrouw,Fitness Card 2021/2022
213752,,Vrouw,Fitness Card 2021/2022
226010,Man,,Fitness Card 2021/2022
229276,,Vrouw,Fitness Card 2021/2022
229277,Man,,Fitness Card 2021/2022
217621,Man,,Fitness Card 2021/2022
226238,Man,,Fitness Card 2021/2022
226151,Man,,Fitness Card 2021/2022
214507,Man,,Fitness Card 2021/2022
223990,Man,,Fitness Card 2021/2022
222128,Man,,Fitness Card 2021/2022
217093,,Vrouw,Fitness Card 2021/2022
214520,Man,,Fitness Card 2021/2022
222251,,Vrouw,Fitness Card 2021/2022
228846,Man,,Fitness Card 2021/2022
213299,,Vrouw,Fitness Card 2021/2022
208215,Man,,Fitness Card 2021/2022
226715,,Vrouw,Fitness Card 2021/2022
167007,Man,,Fitness Card 2021/2022
210085,Man,,Fitness Card 2021/2022
212698,Man,,Fitness Card 2021/2022
217013,,Vrouw,Fitness Card 2021/2022
207059,Man,,Fitness Card 2021/2022
223137,Man,,Fitness Card 2021/2022
209279,Man,,Fitness Card 2021/2022
195522,Man,,Fitness Card 2021/2022
229371,Man,,Fitness Card 2021/2022
224415,Man,,Fitness Card 2021/2022
202000,,Vrouw,Fitness Card 2021/2022
203945,,Vrouw,Fitness Card 2021/2022
197744,,Vrouw,Fitness Card 2021/2022
229389,Man,,Fitness Card 2021/2022
229383,Man,,Fitness Card 2021/2022
223550,Man,,Fitness Card 2021/2022
227670,Man,,Fitness Card 2021/2022
220502,Man,,Fitness Card 2021/2022
229396,Man,,Fitness Card 2021/2022
221179,Man,,Fitness Card 2021/2022
221397,Man,,Fitness Card 2021/2022
194437,Man,,Fitness Card 2021/2022
153694,Man,,Fitness Card 2021/2022
211997,,Vrouw,Fitness Card 2021/2022
210399,Man,,Fitness Card 2021/2022
229409,,Vrouw,Fitness Card 2021/2022
218722,Man,,Fitness Card 2021/2022
222028,Man,,Fitness Card 2021/2022
213164,Man,,Fitness Card 2021/2022
197503,Man,,Fitness Card 2021/2022
222290,,Vrouw,Fitness Card 2021/2022
203343,Man,,Fitness Card 2021/2022
202063,,Vrouw,Fitness Card 2021/2022
229460,Man,,Fitness Card 2021/2022
228455,,Vrouw,Fitness Card 2021/2022
198515,Man,,Fitness Card 2021/2022
228063,Man,,Fitness Card 2021/2022
227742,Man,,Fitness Card 2021/2022
222380,,Vrouw,Fitness Card 2021/2022
229106,Man,,Fitness Card 2021/2022
224252,Man,,Fitness Card 2021/2022
221710,,Vrouw,Fitness Card 2021/2022
170656,Man,,Fitness Card 2021/2022
224557,,Vrouw,Fitness Card 2021/2022
228560,,Vrouw,Fitness Card 2021/2022
221128,Man,,Fitness Card 2021/2022
161245,Man,,Fitness Card 2021/2022
229393,Man,,Fitness Card 2021/2022
229504,Man,,Fitness Card 2021/2022
199606,,Vrouw,Fitness Card 2021/2022
172744,Man,,Fitness Card 2021/2022
229507,,Vrouw,Fitness Card 2021/2022
229513,Man,,Fitness Card 2021/2022
229519,Man,,Fitness Card 2021/2022
221516,,Vrouw,Fitness Card 2021/2022
227344,,Vrouw,Fitness Card 2021/2022
195431,Man,,Fitness Card 2021/2022
229007,Man,,Fitness Card 2021/2022
229532,,Vrouw,Fitness Card 2021/2022
220830,Man,,Fitness Card 2021/2022
208318,Man,,Fitness Card 2021/2022
228482,,Vrouw,Fitness Card 2021/2022
223012,Man,,Fitness Card 2021/2022
207226,Man,,Fitness Card 2021/2022
196295,,Vrouw,Fitness Card 2021/2022
229415,Man,,Fitness Card 2021/2022
229574,Man,,Fitness Card 2021/2022
229534,Man,,Fitness Card 2021/2022
219406,,Vrouw,Fitness Card 2021/2022
206281,Man,,Fitness Card 2021/2022
229594,Man,,Fitness Card 2021/2022
217791,Man,,Fitness Card 2021/2022
227272,,Vrouw,Fitness Card 2021/2022
228886,,Vrouw,Fitness Card 2021/2022
228540,,Vrouw,Fitness Card 2021/2022
228163,,Vrouw,Fitness Card 2021/2022
223142,,Vrouw,Fitness Card 2021/2022
229634,,Vrouw,Fitness Card 2021/2022
229642,,Vrouw,Fitness Card 2021/2022
215300,Man,,Fitness Card 2021/2022
229643,Man,,Fitness Card 2021/2022
200425,Man,,Fitness Card 2021/2022
185168,Man,,Fitness Card 2021/2022
203936,Man,,Fitness Card 2021/2022
229657,Man,,Fitness Card 2021/2022
213275,Man,,Fitness Card 2021/2022
184674,Man,,Fitness Card 2021/2022
185618,Man,,Fitness Card 2021/2022
226731,Man,,Fitness Card 2021/2022
194654,Man,,Fitness Card 2021/2022
229665,,Vrouw,Fitness Card 2021/2022
227618,Man,,Fitness Card 2021/2022
173338,Man,,Fitness Card 2021/2022
227966,,Vrouw,Fitness Card 2021/2022
222824,Man,,Fitness Card 2021/2022
204214,Man,,Fitness Card 2021/2022
229708,,Vrouw,Fitness Card 2021/2022
229395,Man,,Fitness Card 2021/2022
153367,Man,,Fitness Card 2021/2022
212427,Man,,Fitness Card 2021/2022
223462,Man,,Fitness Card 2021/2022
220807,Man,,Fitness Card 2021/2022
222525,Man,,Fitness Card 2021/2022
210673,Man,,Fitness Card 2021/2022
210933,Man,,Fitness Card 2021/2022
221845,Man,,Fitness Card 2021/2022
229544,,Vrouw,Fitness Card 2021/2022
227195,Man,,Fitness Card 2021/2022
194977,Man,,Fitness Card 2021/2022
229180,Man,,Fitness Card 2021/2022
221873,Man,,Fitness Card 2021/2022
229717,Man,,Fitness Card 2021/2022
185790,Man,,Fitness Card 2021/2022
222796,Man,,Fitness Card 2021/2022
206013,Man,,Fitness Card 2021/2022
195099,Man,,Fitness Card 2021/2022
228176,Man,,Fitness Card 2021/2022
219902,Man,,Fitness Card 2021/2022
229249,Man,,Fitness Card 2021/2022
229064,Man,,Fitness Card 2021/2022
199351,Man,,Fitness Card 2021/2022
229453,Man,,Fitness Card 2021/2022
197400,,Vrouw,Fitness Card 2021/2022
229763,Man,,Fitness Card 2021/2022
199845,Man,,Fitness Card 2021/2022
203248,Man,,Fitness Card 2021/2022
227006,Man,,Fitness Card 2021/2022
226772,Man,,Fitness Card 2021/2022
221607,,Vrouw,Fitness Card 2021/2022
136204,Man,,Fitness Card 2021/2022
222866,Man,,Fitness Card 2021/2022
205086,Man,,Fitness Card 2021/2022
219131,,Vrouw,Fitness Card 2021/2022
227075,,Vrouw,Fitness Card 2021/2022
228825,Man,,Fitness Card 2021/2022
229516,,Vrouw,Fitness Card 2021/2022
205695,Man,,Fitness Card 2021/2022
229309,,Vrouw,Fitness Card 2021/2022
229827,Man,,Fitness Card 2021/2022
217087,Man,,Fitness Card 2021/2022
229735,,Vrouw,Fitness Card 2021/2022
214958,Man,,Fitness Card 2021/2022
229841,,,Fitness Card 2021/2022
229843,,,Fitness Card 2021/2022
222009,Man,,Fitness Card 2021/2022
224755,Man,,Fitness Card 2021/2022
183410,Man,,Fitness Card 2021/2022
229857,Man,,Fitness Card 2021/2022
229858,,Vrouw,Fitness Card 2021/2022
228503,,Vrouw,Fitness Card 2021/2022
227334,Man,,Fitness Card 2021/2022
229869,Man,,Fitness Card 2021/2022
229874,Man,,Fitness Card 2021/2022
213953,Man,,Fitness Card 2021/2022
196005,Man,,Fitness Card 2021/2022
228881,Man,,Fitness Card 2021/2022
223441,Man,,Fitness Card 2021/2022
229901,,Vrouw,Fitness Card 2021/2022
222470,Man,,Fitness Card 2021/2022
222699,,Vrouw,Fitness Card 2021/2022
229501,,Vrouw,Fitness Card 2021/2022
221488,Man,,Fitness Card 2021/2022
212720,,Vrouw,Fitness Card 2021/2022
228969,Man,,Fitness Card 2021/2022
167380,Man,,Fitness Card 2021/2022
223397,,Vrouw,Fitness Card 2021/2022
229846,Man,,Fitness Card 2021/2022
229494,Man,,Fitness Card 2021/2022
192454,Man,,Fitness Card 2021/2022
229813,Man,,Fitness Card 2021/2022
229771,Man,,Fitness Card 2021/2022
195854,Man,,Fitness Card 2021/2022
215026,Man,,Fitness Card 2021/2022
206276,Man,,Fitness Card 2021/2022
229705,,Vrouw,Fitness Card 2021/2022
202179,Man,,Fitness Card 2021/2022
219443,,Vrouw,Fitness Card 2021/2022
227615,Man,,Fitness Card 2021/2022
220883,Man,,Fitness Card 2021/2022
221510,Man,,Fitness Card 2021/2022
221490,Man,,Fitness Card 2021/2022
196990,Man,,Fitness Card 2021/2022
222538,Man,,Fitness Card 2021/2022
164971,Man,,Fitness Card 2021/2022
161487,Man,,Fitness Card 2021/2022
204246,Man,,Fitness Card 2021/2022
228554,,Vrouw,Fitness Card 2021/2022
228486,Man,,Fitness Card 2021/2022
207187,Man,,Fitness Card 2021/2022
207714,,Vrouw,Fitness Card 2021/2022
209930,Man,,Fitness Card 2021/2022
221753,Man,,Fitness Card 2021/2022
212121,Man,,Fitness Card 2021/2022
223016,,Vrouw,Fitness Card 2021/2022
213221,,Vrouw,Fitness Card 2021/2022
221615,Man,,Fitness Card 2021/2022
223183,,Vrouw,Fitness Card 2021/2022
222613,Man,,Fitness Card 2021/2022
221523,Man,,Fitness Card 2021/2022
226868,,Vrouw,Fitness Card 2021/2022
206490,Man,,Fitness Card 2021/2022
221797,Man,,Fitness Card 2021/2022
230071,Man,,Fitness Card 2021/2022
230063,,Vrouw,Fitness Card 2021/2022
213644,Man,,Fitness Card 2021/2022
209743,Man,,Fitness Card 2021/2022
205624,Man,,Fitness Card 2021/2022
229024,Man,,Fitness Card 2021/2022
230109,,Vrouw,Fitness Card 2021/2022
229768,Man,,Fitness Card 2021/2022
230041,,Vrouw,Fitness Card 2021/2022
227706,Man,,Fitness Card 2021/2022
213566,,Vrouw,Fitness Card 2021/2022
221295,,Vrouw,Fitness Card 2021/2022
229111,,Vrouw,Fitness Card 2021/2022
206102,Man,,Fitness Card 2021/2022
230045,,Vrouw,Fitness Card 2021/2022
229541,,Vrouw,Fitness Card 2021/2022
223189,,Vrouw,Fitness Card 2021/2022
222324,,Vrouw,Fitness Card 2021/2022
230178,Man,,Fitness Card 2021/2022
227781,,Vrouw,Fitness Card 2021/2022
230184,Man,,Fitness Card 2021/2022
220669,Man,,Fitness Card 2021/2022
228291,Man,,Fitness Card 2021/2022
222490,Man,,Fitness Card 2021/2022
221098,,Vrouw,Fitness Card 2021/2022
220899,Man,,Fitness Card 2021/2022
206583,Man,,Fitness Card 2021/2022
213253,,Vrouw,Fitness Card 2021/2022
230232,Man,,Fitness Card 2021/2022
224353,Man,,Fitness Card 2021/2022
229197,,Vrouw,Fitness Card 2021/2022
208164,,Vrouw,Fitness Card 2021/2022
230278,,Vrouw,Fitness Card 2021/2022
202744,,Vrouw,Fitness Card 2021/2022
212783,Man,,Fitness Card 2021/2022
208581,,Vrouw,Fitness Card 2021/2022
219161,Man,,Fitness Card 2021/2022
225118,Man,,Fitness Card 2021/2022
224785,Man,,Fitness Card 2021/2022
230342,,Vrouw,Fitness Card 2021/2022
230346,,Vrouw,Fitness Card 2021/2022
210131,Man,,Fitness Card 2021/2022
222594,Man,,Fitness Card 2021/2022
215518,Man,,Fitness Card 2021/2022
216570,Man,,Fitness Card 2021/2022
209771,Man,,Fitness Card 2021/2022
207725,Man,,Fitness Card 2021/2022
217134,Man,,Fitness Card 2021/2022
229518,Man,,Fitness Card 2021/2022
230410,,,Fitness Card 2021/2022
224456,Man,,Fitness Card 2021/2022
227417,Man,,Fitness Card 2021/2022
230439,,Vrouw,Fitness Card 2021/2022
160233,Man,,Fitness Card 2021/2022
187407,Man,,Fitness Card 2021/2022
222404,Man,,Fitness Card 2021/2022
214268,Man,,Fitness Card 2021/2022
205949,,Vrouw,Fitness Card 2021/2022
212357,Man,,Fitness Card 2021/2022
207342,Man,,Fitness Card 2021/2022
214029,Man,,Fitness Card 2021/2022
216678,Man,,Fitness Card 2021/2022
222248,Man,,Fitness Card 2021/2022
227922,Man,,Fitness Card 2021/2022
168404,Man,,Fitness Card 2021/2022
227785,Man,,Fitness Card 2021/2022
229582,Man,,Fitness Card 2021/2022
211084,Man,,Fitness Card 2021/2022
230551,Man,,Fitness Card 2021/2022
224887,Man,,Fitness Card 2021/2022
164645,Man,,Fitness Card 2021/2022
221473,Man,,Fitness Card 2021/2022
218351,Man,,Fitness Card 2021/2022
225763,Man,,Fitness Card 2021/2022
228787,Man,,Fitness Card 2021/2022
230572,Man,,Fitness Card 2021/2022
230576,Man,,Fitness Card 2021/2022
230034,,Vrouw,Fitness Card 2021/2022
230589,Man,,Fitness Card 2021/2022
230590,Man,,Fitness Card 2021/2022
214371,Man,,Fitness Card 2021/2022
230579,Man,,Fitness Card 2021/2022
229932,,Vrouw,Fitness Card 2021/2022
228391,Man,,Fitness Card 2021/2022
196549,Man,,Fitness Card 2021/2022
230606,Man,,Fitness Card 2021/2022
230605,Man,,Fitness Card 2021/2022
212984,,Vrouw,Fitness Card 2021/2022
221876,Man,,Fitness Card 2021/2022
228620,Man,,Fitness Card 2021/2022
221630,,Vrouw,Fitness Card 2021/2022
227073,,Vrouw,Fitness Card 2021/2022
213861,Man,,Fitness Card 2021/2022
230615,Man,,Fitness Card 2021/2022
230607,Man,,Fitness Card 2021/2022
180431,,,Fitness Card 2021/2022
230618,Man,,Fitness Card 2021/2022
195942,,Vrouw,Fitness Card 2021/2022
197551,Man,,Fitness Card 2021/2022
216057,,Vrouw,Fitness Card 2021/2022
226108,Man,,Fitness Card 2021/2022
214468,Man,,Fitness Card 2021/2022
230596,Man,,Fitness Card 2021/2022
209235,Man,,Fitness Card 2021/2022
191649,Man,,Fitness Card 2021/2022
223194,Man,,Fitness Card 2021/2022
223193,Man,,Fitness Card 2021/2022
230633,Man,,Fitness Card 2021/2022
220163,Man,,Fitness Card 2021/2022
160666,Man,,Fitness Card 2021/2022
180097,,Vrouw,Fitness Card 2021/2022
230643,Man,,Fitness Card 2021/2022
221487,,Vrouw,Fitness Card 2021/2022
228285,Man,,Fitness Card 2021/2022
230649,Man,,Fitness Card 2021/2022
230112,,Vrouw,Fitness Card 2021/2022
207140,,Vrouw,Fitness Card 2021/2022
197395,,Vrouw,Fitness Card 2021/2022
218952,Man,,Fitness Card 2021/2022
215605,Man,,Fitness Card 2021/2022
230675,Man,,Fitness Card 2021/2022
226949,Man,,Fitness Card 2021/2022
225558,,Vrouw,Fitness Card 2021/2022
230677,,Vrouw,Fitness Card 2021/2022
172296,,Vrouw,Fitness Card 2021/2022
230646,Man,,Fitness Card 2021/2022
227502,,Vrouw,Fitness Card 2021/2022
185078,Man,,Fitness Card 2021/2022
214133,Man,,Fitness Card 2021/2022
227987,,Vrouw,Fitness Card 2021/2022
229140,Man,,Fitness Card 2021/2022
223334,Man,,Fitness Card 2021/2022
230432,Man,,Fitness Card 2021/2022
230713,Man,,Fitness Card 2021/2022
214533,,Vrouw,Fitness Card 2021/2022
221644,,Vrouw,Fitness Card 2021/2022
230717,Man,,Fitness Card 2021/2022
228620,Man,,Fitness Card 2021/2022
230700,Man,,Fitness Card 2021/2022
229933,,Vrouw,Fitness Card 2021/2022
227498,Man,,Fitness Card 2021/2022
230733,Man,,Fitness Card 2021/2022
228733,,Vrouw,Fitness Card 2021/2022
227908,,Vrouw,Fitness Card 2021/2022
187522,,Vrouw,Fitness Card 2021/2022
230744,,Vrouw,Fitness Card 2021/2022
228562,,Vrouw,Fitness Card 2021/2022
230464,,Vrouw,Fitness Card 2021/2022
230189,Man,,Fitness Card 2021/2022
215288,Man,,Fitness Card 2021/2022
214623,Man,,Fitness Card 2021/2022
218820,Man,,Fitness Card 2021/2022
222598,Man,,Fitness Card 2021/2022
230768,Man,,Fitness Card 2021/2022
223182,Man,,Fitness Card 2021/2022
229929,Man,,Fitness Card 2021/2022
230808,Man,,Fitness Card 2021/2022
228458,Man,,Fitness Card 2021/2022
224625,,Vrouw,Fitness Card 2021/2022
188010,Man,,Fitness Card 2021/2022
189666,Man,,Fitness Card 2021/2022
229414,Man,,Fitness Card 2021/2022
214515,Man,,Fitness Card 2021/2022
230843,Man,,Fitness Card 2021/2022
214235,Man,,Fitness Card 2021/2022
229313,,Vrouw,Fitness Card 2021/2022
194209,Man,,Fitness Card 2021/2022
217290,Man,,Fitness Card 2021/2022
215068,Man,,Fitness Card 2021/2022
182802,,Vrouw,Fitness Card 2021/2022
230640,Man,,Fitness Card 2021/2022
227185,Man,,Fitness Card 2021/2022
178607,Man,,Fitness Card 2021/2022
224783,Man,,Fitness Card 2021/2022
214408,Man,,Fitness Card 2021/2022
227924,Man,,Fitness Card 2021/2022
230879,,Vrouw,Fitness Card 2021/2022
209234,Man,,Fitness Card 2021/2022
208937,Man,,Fitness Card 2021/2022
230326,,Vrouw,Fitness Card 2021/2022
230652,,Vrouw,Fitness Card 2021/2022
230910,Man,,Fitness Card 2021/2022
230918,Man,,Fitness Card 2021/2022
230795,,Vrouw,Fitness Card 2021/2022
230671,Man,,Fitness Card 2021/2022
206472,Man,,Fitness Card 2021/2022
215137,,Vrouw,Fitness Card 2021/2022
230935,Man,,Fitness Card 2021/2022
229794,Man,,Fitness Card 2021/2022
230639,Man,,Fitness Card 2021/2022
207230,Man,,Fitness Card 2021/2022
230941,Man,,Fitness Card 2021/2022
230940,,Vrouw,Fitness Card 2021/2022
230181,,Vrouw,Fitness Card 2021/2022
230950,Man,,Fitness Card 2021/2022
206287,Man,,Fitness Card 2021/2022
230954,,Vrouw,Fitness Card 2021/2022
230234,,Vrouw,Fitness Card 2021/2022
230944,Man,,Fitness Card 2021/2022
230960,Man,,Fitness Card 2021/2022
211469,Man,,Fitness Card 2021/2022
230957,Man,,Fitness Card 2021/2022
230963,Man,,Fitness Card 2021/2022
222127,Man,,Fitness Card 2021/2022
230968,Man,,Fitness Card 2021/2022
230437,Man,,Fitness Card 2021/2022
230959,Man,,Fitness Card 2021/2022
227189,Man,,Fitness Card 2021/2022
228937,Man,,Fitness Card 2021/2022
229641,Man,,Fitness Card 2021/2022
231011,,Vrouw,Fitness Card 2021/2022
231012,,Vrouw,Fitness Card 2021/2022
229427,Man,,Fitness Card 2021/2022
230083,,Vrouw,Fitness Card 2021/2022
231014,Man,,Fitness Card 2021/2022
209967,Man,,Fitness Card 2021/2022
213125,,Vrouw,Fitness Card 2021/2022
229308,Man,,Fitness Card 2021/2022
230911,Man,,Fitness Card 2021/2022
231052,Man,,Fitness Card 2021/2022
219118,Man,,Fitness Card 2021/2022
227015,,Vrouw,Fitness Card 2021/2022
230458,,Vrouw,Fitness Card 2021/2022
195174,Man,,Fitness Card 2021/2022
225951,Man,,Fitness Card 2021/2022
230761,Man,,Fitness Card 2021/2022
229517,Man,,Fitness Card 2021/2022
231083,,Vrouw,Fitness Card 2021/2022
215790,Man,,Fitness Card 2021/2022
218216,Man,,Fitness Card 2021/2022
230598,Man,,Fitness Card 2021/2022
230871,Man,,Fitness Card 2021/2022
190510,Man,,Fitness Card 2021/2022
172881,Man,,Fitness Card 2021/2022
215587,Man,,Fitness Card 2021/2022
220709,,Vrouw,Fitness Card 2021/2022
212090,Man,,Fitness Card 2021/2022
230645,Man,,Fitness Card 2021/2022
231137,Man,,Fitness Card 2021/2022
222859,,Vrouw,Fitness Card 2021/2022
223220,Man,,Fitness Card 2021/2022
231154,Man,,Fitness Card 2021/2022
226914,,Vrouw,Fitness Card 2021/2022
231160,Man,,Fitness Card 2021/2022
219602,,Vrouw,Fitness Card 2021/2022
231166,Man,,Fitness Card 2021/2022
221396,Man,,Fitness Card 2021/2022
229635,Man,,Fitness Card 2021/2022
230080,,Vrouw,Fitness Card 2021/2022
229590,,Vrouw,Fitness Card 2021/2022
228527,Man,,Fitness Card 2021/2022
231184,Man,,Fitness Card 2021/2022
229011,Man,,Fitness Card 2021/2022
229411,Man,,Fitness Card 2021/2022
227247,Man,,Fitness Card 2021/2022
231196,Man,,Fitness Card 2021/2022
227556,Man,,Fitness Card 2021/2022
231204,Man,,Fitness Card 2021/2022
195273,Man,,Fitness Card 2021/2022
231214,,Vrouw,Fitness Card 2021/2022
226106,,Vrouw,Fitness Card 2021/2022
231229,Man,,Fitness Card 2021/2022
231202,Man,,Fitness Card 2021/2022
215726,,Vrouw,Fitness Card 2021/2022
231255,,Vrouw,Fitness Card 2021/2022
231256,,Vrouw,Fitness Card 2021/2022
213354,,Vrouw,Fitness Card 2021/2022
221833,,Vrouw,Fitness Card 2021/2022
225987,Man,,Fitness Card 2021/2022
228581,Man,,Fitness Card 2021/2022
196843,Man,,Fitness Card 2021/2022
230505,,Vrouw,Fitness Card 2021/2022
231307,Man,,Fitness Card 2021/2022
226977,Man,,Fitness Card 2021/2022
231226,Man,,Fitness Card 2021/2022
199357,Man,,Fitness Card 2021/2022
231318,Man,,Fitness Card 2021/2022
231339,Man,,Fitness Card 2021/2022
231211,Man,,Fitness Card 2021/2022
231342,Man,,Fitness Card 2021/2022
231187,Man,,Fitness Card 2021/2022
226945,Man,,Fitness Card 2021/2022
231305,Man,,Fitness Card 2021/2022
207523,Man,,Fitness Card 2021/2022
192398,Man,,Fitness Card 2021/2022
224308,Man,,Fitness Card 2021/2022
229831,,Vrouw,Fitness Card 2021/2022
231381,Man,,Fitness Card 2021/2022
192162,,Vrouw,Fitness Card 2021/2022
223297,,Vrouw,Fitness Card 2021/2022
195559,Man,,Fitness Card 2021/2022
225703,,Vrouw,Fitness Card 2021/2022
204845,,Vrouw,Fitness Card 2021/2022
206232,,Vrouw,Fitness Card 2021/2022
214617,Man,,Fitness Card 2021/2022
231421,Man,,Fitness Card 2021/2022
227873,Man,,Fitness Card 2021/2022
218576,Man,,Fitness Card 2021/2022
224019,Man,,Fitness Card 2021/2022
225700,Man,,Fitness Card 2021/2022
231404,Man,,Fitness Card 2021/2022
186435,Man,,Fitness Card 2021/2022
231443,,Vrouw,Fitness Card 2021/2022
229923,Man,,Fitness Card 2021/2022
225176,Man,,Fitness Card 2021/2022
229542,Man,,Fitness Card 2021/2022
231463,Man,,Fitness Card 2021/2022
195116,Man,,Fitness Card 2021/2022
231288,Man,,Fitness Card 2021/2022
231466,Man,,Fitness Card 2021/2022
229871,Man,,Fitness Card 2021/2022
231163,Man,,Fitness Card 2021/2022
206388,Man,,Fitness Card 2021/2022
231490,Man,,Fitness Card 2021/2022
231493,,Vrouw,Fitness Card 2021/2022
170751,,Vrouw,Fitness Card 2021/2022
206703,Man,,Fitness Card 2021/2022
222801,Man,,Fitness Card 2021/2022
231523,Man,,Fitness Card 2021/2022
231524,Man,,Fitness Card 2021/2022
222670,Man,,Fitness Card 2021/2022
231527,Man,,Fitness Card 2021/2022
223632,,Vrouw,Fitness Card 2021/2022
230945,Man,,Fitness Card 2021/2022
231556,Man,,Fitness Card 2021/2022
217186,Man,,Fitness Card 2021/2022
220326,Man,,Fitness Card 2021/2022
224398,Man,,Fitness Card 2021/2022
230497,Man,,Fitness Card 2021/2022
231578,Man,,Fitness Card 2021/2022
231368,,Vrouw,Fitness Card 2021/2022
185196,Man,,Fitness Card 2021/2022
227506,,Vrouw,Fitness Card 2021/2022
227882,,Vrouw,Fitness Card 2021/2022
186355,,Vrouw,Fitness Card 2021/2022
222717,Man,,Fitness Card 2021/2022
231358,Man,,Fitness Card 2021/2022
230312,Man,,Fitness Card 2021/2022
230227,Man,,Fitness Card 2021/2022
229132,,Vrouw,Fitness Card 2021/2022
231618,Man,,Fitness Card 2021/2022
184903,Man,,Fitness Card 2021/2022
220787,,Vrouw,Fitness Card 2021/2022
227366,Man,,Fitness Card 2021/2022
203595,Man,,Fitness Card 2021/2022
231670,Man,,Fitness Card 2021/2022
231671,,Vrouw,Fitness Card 2021/2022
214139,Man,,Fitness Card 2021/2022
231306,Man,,Fitness Card 2021/2022
231549,Man,,Fitness Card 2021/2022
231689,Man,,Fitness Card 2021/2022
196896,Man,,Fitness Card 2021/2022
231691,Man,,Fitness Card 2021/2022
231414,,Vrouw,Fitness Card 2021/2022
231110,Man,,Fitness Card 2021/2022
231718,Man,,Fitness Card 2021/2022
231515,Man,,Fitness Card 2021/2022
225954,,Vrouw,Fitness Card 2021/2022
223662,,Vrouw,Fitness Card 2021/2022
212692,Man,,Fitness Card 2021/2022
231335,,Vrouw,Fitness Card 2021/2022
231435,Man,,Fitness Card 2021/2022
217342,,Vrouw,Fitness Card 2021/2022
231580,Man,,Fitness Card 2021/2022
225953,,Vrouw,Fitness Card 2021/2022
228596,,Vrouw,Fitness Card 2021/2022
231783,Man,,Fitness Card 2021/2022
226296,,Vrouw,Fitness Card 2021/2022
231817,Man,,Fitness Card 2021/2022
224894,Man,,Fitness Card 2021/2022
231821,Man,,Fitness Card 2021/2022
226700,,Vrouw,Fitness Card 2021/2022
221819,,Vrouw,Fitness Card 2021/2022
223465,,Vrouw,Fitness Card 2021/2022
231833,Man,,Fitness Card 2021/2022
223979,,Vrouw,Fitness Card 2021/2022
231840,Man,,Fitness Card 2021/2022
231842,Man,,Fitness Card 2021/2022
222610,Man,,Fitness Card 2021/2022
202354,,Vrouw,Fitness Card 2021/2022
213357,,Vrouw,Fitness Card 2021/2022
230884,,Vrouw,Fitness Card 2021/2022
231851,,Vrouw,Fitness Card 2021/2022
222516,,Vrouw,Fitness Card 2021/2022
214356,,Vrouw,Fitness Card 2021/2022
230948,,,Fitness Card 2021/2022
229002,Man,,Fitness Card 2021/2022
215472,Man,,Fitness Card 2021/2022
196828,,Vrouw,Fitness Card 2021/2022
230676,,Vrouw,Fitness Card 2021/2022
231868,,Vrouw,Fitness Card 2021/2022
230721,,Vrouw,Fitness Card 2021/2022
194948,,Vrouw,Fitness Card 2021/2022
231643,Man,,Fitness Card 2021/2022
231884,Man,,Fitness Card 2021/2022
231894,Man,,Fitness Card 2021/2022
231886,Man,,Fitness Card 2021/2022
204314,Man,,Fitness Card 2021/2022
231909,Man,,Fitness Card 2021/2022
231920,Man,,Fitness Card 2021/2022
224022,Man,,Fitness Card 2021/2022
227884,Man,,Fitness Card 2021/2022
231934,Man,,Fitness Card 2021/2022
220829,Man,,Fitness Card 2021/2022
231952,Man,,Fitness Card 2021/2022
231954,Man,,Fitness Card 2021/2022
230400,,Vrouw,Fitness Card 2021/2022
231692,Man,,Fitness Card 2021/2022
219289,Man,,Fitness Card 2021/2022
213291,Man,,Fitness Card 2021/2022
210658,Man,,Fitness Card 2021/2022
231963,,Vrouw,Fitness Card 2021/2022
205711,,Vrouw,Fitness Card 2021/2022
231972,Man,,Fitness Card 2021/2022
227892,Man,,Fitness Card 2021/2022
231660,,Vrouw,Fitness Card 2021/2022
162094,Man,,Fitness Card 2021/2022
214132,Man,,Fitness Card 2021/2022
207930,Man,,Fitness Card 2021/2022
227486,Man,,Fitness Card 2021/2022
223716,Man,,Fitness Card 2021/2022
227246,Man,,Fitness Card 2021/2022
217455,,Vrouw,Fitness Card 2021/2022
230176,Man,,Fitness Card 2021/2022
232029,Man,,Fitness Card 2021/2022
217522,Man,,Fitness Card 2021/2022
230141,Man,,Fitness Card 2021/2022
231682,Man,,Fitness Card 2021/2022
232048,Man,,Fitness Card 2021/2022
232051,Man,,Fitness Card 2021/2022
232005,Man,,Fitness Card 2021/2022
219637,Man,,Fitness Card 2021/2022
232073,,Vrouw,Fitness Card 2021/2022
208544,Man,,Fitness Card 2021/2022
231088,,Vrouw,Fitness Card 2021/2022
216984,,Vrouw,Fitness Card 2021/2022
214323,Man,,Fitness Card 2021/2022
230235,Man,,Fitness Card 2021/2022
158219,Man,,Fitness Card 2021/2022
214124,Man,,Fitness Card 2021/2022
232019,Man,,Fitness Card 2021/2022
216610,Man,,Fitness Card 2021/2022
221172,Man,,Fitness Card 2021/2022
232134,Man,,Fitness Card 2021/2022
203522,Man,,Fitness Card 2021/2022
232154,Man,,Fitness Card 2021/2022
232155,Man,,Fitness Card 2021/2022
217396,,Vrouw,Fitness Card 2021/2022
231626,Man,,Fitness Card 2021/2022
224300,Man,,Fitness Card 2021/2022
204861,Man,,Fitness Card 2021/2022
218571,Man,,Fitness Card 2021/2022
226009,Man,,Fitness Card 2021/2022
232187,Man,,Fitness Card 2021/2022
230690,Man,,Fitness Card 2021/2022
231935,Man,,Fitness Card 2021/2022
232225,,Vrouw,Fitness Card 2021/2022
222799,Man,,Fitness Card 2021/2022
220980,Man,,Fitness Card 2021/2022
168560,,Vrouw,Fitness Card 2021/2022
223283,Man,,Fitness Card 2021/2022
224239,Man,,Fitness Card 2021/2022
221380,Man,,Fitness Card 2021/2022
229739,,Vrouw,Fitness Card 2021/2022
218740,Man,,Fitness Card 2021/2022
211186,Man,,Fitness Card 2021/2022
231897,Man,,Fitness Card 2021/2022
183641,,Vrouw,Fitness Card 2021/2022
232284,Man,,Fitness Card 2021/2022
232086,Man,,Fitness Card 2021/2022
217234,Man,,Fitness Card 2021/2022
232018,,Vrouw,Fitness Card 2021/2022
197628,Man,,Fitness Card 2021/2022
222701,,Vrouw,Fitness Card 2021/2022
221588,Man,,Fitness Card 2021/2022
221587,Man,,Fitness Card 2021/2022
231992,Man,,Fitness Card 2021/2022
232335,Man,,Fitness Card 2021/2022
213283,Man,,Fitness Card 2021/2022
232356,Man,,Fitness Card 2021/2022
208717,Man,,Fitness Card 2021/2022
223439,,Vrouw,Fitness Card 2021/2022
219226,Man,,Fitness Card 2021/2022
231348,Man,,Fitness Card 2021/2022
213323,,Vrouw,Fitness Card 2021/2022
209787,,Vrouw,Fitness Card 2021/2022
231471,Man,,Fitness Card 2021/2022
187086,Man,,Fitness Card 2021/2022
232407,Man,,Fitness Card 2021/2022
231684,Man,,Fitness Card 2021/2022
231635,Man,,Fitness Card 2021/2022
217868,Man,,Fitness Card 2021/2022
224210,Man,,Fitness Card 2021/2022
232433,Man,,Fitness Card 2021/2022
232436,Man,,Fitness Card 2021/2022
232437,Man,,Fitness Card 2021/2022
232438,Man,,Fitness Card 2021/2022
232435,Man,,Fitness Card 2021/2022
216284,Man,,Fitness Card 2021/2022
208078,Man,,Fitness Card 2021/2022
231697,Man,,Fitness Card 2021/2022
205900,,Vrouw,Fitness Card 2021/2022
231472,,Vrouw,Fitness Card 2021/2022
187472,Man,,Fitness Card 2021/2022
232202,Man,,Fitness Card 2021/2022
231849,,Vrouw,Fitness Card 2021/2022
161053,,Vrouw,Fitness Card 2021/2022
210973,,Vrouw,Fitness Card 2021/2022
208076,Man,,Fitness Card 2021/2022
226528,Man,,Fitness Card 2021/2022
232404,Man,,Fitness Card 2021/2022
213381,,Vrouw,Fitness Card 2021/2022
227836,,Vrouw,Fitness Card 2021/2022
232405,Man,,Fitness Card 2021/2022
204953,Man,,Fitness Card 2021/2022
209887,,Vrouw,Fitness Card 2021/2022
218698,,Vrouw,Fitness Card 2021/2022
232144,Man,,Fitness Card 2021/2022
232476,Man,,Fitness Card 2021/2022
221003,Man,,Fitness Card 2021/2022
232543,Man,,Fitness Card 2021/2022
221438,,Vrouw,Fitness Card 2021/2022
212733,Man,,Fitness Card 2021/2022
217576,Man,,Fitness Card 2021/2022
232529,,Vrouw,Fitness Card 2021/2022
227844,Man,,Fitness Card 2021/2022
177150,Man,,Fitness Card 2021/2022
167584,Man,,Fitness Card 2021/2022
232588,Man,,Fitness Card 2021/2022
230822,Man,,Fitness Card 2021/2022
195662,,Vrouw,Fitness Card 2021/2022
229243,Man,,Fitness Card 2021/2022
209287,Man,,Fitness Card 2021/2022
229769,,Vrouw,Fitness Card 2021/2022
229426,Man,,Fitness Card 2021/2022
178821,Man,,Fitness Card 2021/2022
218265,,Vrouw,Fitness Card 2021/2022
207976,,Vrouw,Fitness Card 2021/2022
232621,,Vrouw,Fitness Card 2021/2022
227228,Man,,Fitness Card 2021/2022
211875,Man,,Fitness Card 2021/2022
231947,Man,,Fitness Card 2021/2022
229137,Man,,Fitness Card 2021/2022
215737,Man,,Fitness Card 2021/2022
232279,Man,,Fitness Card 2021/2022
222873,Man,,Fitness Card 2021/2022
215638,Man,,Fitness Card 2021/2022
223579,,Vrouw,Fitness Card 2021/2022
222845,Man,,Fitness Card 2021/2022
232469,Man,,Fitness Card 2021/2022
219214,Man,,Fitness Card 2021/2022
180345,Man,,Fitness Card 2021/2022
215034,,Vrouw,Fitness Card 2021/2022
232728,Man,,Fitness Card 2021/2022
158252,Man,,Fitness Card 2021/2022
232717,Man,,Fitness Card 2021/2022
218830,Man,,Fitness Card 2021/2022
232313,Man,,Fitness Card 2021/2022
219908,,Vrouw,Fitness Card 2021/2022
231836,,Vrouw,Fitness Card 2021/2022
230796,,Vrouw,Fitness Card 2021/2022
197366,Man,,Fitness Card 2021/2022
232732,,Vrouw,Fitness Card 2021/2022
232763,Man,,Fitness Card 2021/2022
214190,Man,,Fitness Card 2021/2022
212592,,Vrouw,Fitness Card 2021/2022
230029,,Vrouw,Fitness Card 2021/2022
232782,,Vrouw,Fitness Card 2021/2022
232788,,,Fitness Card 2021/2022
160452,Man,,Fitness Card 2021/2022
216086,,Vrouw,Fitness Card 2021/2022
232809,,Vrouw,Fitness Card 2021/2022
220202,Man,,Fitness Card 2021/2022
232218,,Vrouw,Fitness Card 2021/2022
222271,,Vrouw,Fitness Card 2021/2022
232821,,Vrouw,Fitness Card 2021/2022
220944,Man,,Fitness Card 2021/2022
232536,,,Fitness Card 2021/2022
204768,,Vrouw,Fitness Card 2021/2022
212252,Man,,Fitness Card 2021/2022
223452,,Vrouw,Fitness Card 2021/2022
231707,Man,,Fitness Card 2021/2022
224258,Man,,Fitness Card 2021/2022
232843,Man,,Fitness Card 2021/2022
205975,Man,,Fitness Card 2021/2022
231676,Man,,Fitness Card 2021/2022
232864,,Vrouw,Fitness Card 2021/2022
230775,,Vrouw,Fitness Card 2021/2022
227772,Man,,Fitness Card 2021/2022
227896,Man,,Fitness Card 2021/2022
204166,Man,,Fitness Card 2021/2022
216261,Man,,Fitness Card 2021/2022
227308,Man,,Fitness Card 2021/2022
207926,Man,,Fitness Card 2021/2022
232895,Man,,Fitness Card 2021/2022
221958,,Vrouw,Fitness Card 2021/2022
206947,Man,,Fitness Card 2021/2022
232719,Man,,Fitness Card 2021/2022
231733,Man,,Fitness Card 2021/2022
138545,Man,,Fitness Card 2021/2022
229458,Man,,Fitness Card 2021/2022
232871,Man,,Fitness Card 2021/2022
226825,Man,,Fitness Card 2021/2022
232817,Man,,Fitness Card 2021/2022
232950,,Vrouw,Fitness Card 2021/2022
204116,Man,,Fitness Card 2021/2022
222382,Man,,Fitness Card 2021/2022
232966,Man,,Fitness Card 2021/2022
209299,,Vrouw,Fitness Card 2021/2022
232982,Man,,Fitness Card 2021/2022
232514,Man,,Fitness Card 2021/2022
221399,Man,,Fitness Card 2021/2022
232009,,Vrouw,Fitness Card 2021/2022
229418,Man,,Fitness Card 2021/2022
205037,Man,,Fitness Card 2021/2022
222299,,Vrouw,Fitness Card 2021/2022
219238,Man,,Fitness Card 2021/2022
224021,,Vrouw,Fitness Card 2021/2022
233101,Man,,Fitness Card 2021/2022
233108,Man,,Fitness Card 2021/2022
229707,,Vrouw,Fitness Card 2021/2022
222991,Man,,Fitness Card 2021/2022
203566,Man,,Fitness Card 2021/2022
177398,Man,,Fitness Card 2021/2022
210779,Man,,Fitness Card 2021/2022
219143,Man,,Fitness Card 2021/2022
221600,Man,,Fitness Card 2021/2022
233162,Man,,Fitness Card 2021/2022
232190,Man,,Fitness Card 2021/2022
204063,Man,,Fitness Card 2021/2022
233165,,,Fitness Card 2021/2022
228426,,Vrouw,Fitness Card 2021/2022
225420,Man,,Fitness Card 2021/2022
227611,Man,,Fitness Card 2021/2022
221875,,Vrouw,Fitness Card 2021/2022
231119,Man,,Fitness Card 2021/2022
233195,Man,,Fitness Card 2021/2022
230973,Man,,Fitness Card 2021/2022
207991,Man,,Fitness Card 2021/2022
230296,Man,,Fitness Card 2021/2022
225943,Man,,Fitness Card 2021/2022
222039,Man,,Fitness Card 2021/2022
233196,Man,,Fitness Card 2021/2022
233216,Man,,Fitness Card 2021/2022
230870,,,Fitness Card 2021/2022
191386,Man,,Fitness Card 2021/2022
233232,,Vrouw,Fitness Card 2021/2022
232896,Man,,Fitness Card 2021/2022
233249,Man,,Fitness Card 2021/2022
232338,Man,,Fitness Card 2021/2022
231405,,Vrouw,Fitness Card 2021/2022
227602,Man,,Fitness Card 2021/2022
233298,Man,,Fitness Card 2021/2022
228338,,Vrouw,Fitness Card 2021/2022
232402,Man,,Fitness Card 2021/2022
232452,Man,,Fitness Card 2021/2022
232451,Man,,Fitness Card 2021/2022
229851,Man,,Fitness Card 2021/2022
218278,Man,,Fitness Card 2021/2022
232490,Man,,Fitness Card 2021/2022
213418,Man,,Fitness Card 2021/2022
230506,Man,,Fitness Card 2021/2022
233331,,Vrouw,Fitness Card 2021/2022
231365,Man,,Fitness Card 2021/2022
232925,Man,,Fitness Card 2021/2022
233301,,Vrouw,Fitness Card 2021/2022
233361,,Vrouw,Fitness Card 2021/2022
228033,,Vrouw,Fitness Card 2021/2022
230630,Man,,Fitness Card 2021/2022
222307,,Vrouw,Fitness Card 2021/2022
225183,Man,,Fitness Card 2021/2022
229042,Man,,Fitness Card 2021/2022
233386,Man,,Fitness Card 2021/2022
233166,Man,,Fitness Card 2021/2022
216494,Man,,Fitness Card 2021/2022
216492,,Vrouw,Fitness Card 2021/2022
225369,Man,,Fitness Card 2021/2022
231425,,Vrouw,Fitness Card 2021/2022
233430,,Vrouw,Fitness Card 2021/2022
232961,,Vrouw,Fitness Card 2021/2022
233447,Man,,Fitness Card 2021/2022
233090,Man,,Fitness Card 2021/2022
182909,Man,,Fitness Card 2021/2022
233479,,Vrouw,Fitness Card 2021/2022
221548,,Vrouw,Fitness Card 2021/2022
230862,,Vrouw,Fitness Card 2021/2022
233527,Man,,Fitness Card 2021/2022
222507,Man,,Fitness Card 2021/2022
222975,,Vrouw,Fitness Card 2021/2022
204139,Man,,Fitness Card 2021/2022
177554,Man,,Fitness Card 2021/2022
221589,,Vrouw,Fitness Card 2021/2022
217576,Man,,Fitness Card 2021/2022
233558,Man,,Fitness Card 2021/2022
233404,,Vrouw,Fitness Card 2021/2022
233496,,Vrouw,Fitness Card 2021/2022
216986,Man,,Fitness Card 2021/2022
233276,Man,,Fitness Card 2021/2022
233491,Man,,Fitness Card 2021/2022
233611,Man,,Fitness Card 2021/2022
231682,Man,,Fitness Card 2021/2022
222727,,Vrouw,Fitness Card 2021/2022
233495,Man,,Fitness Card 2021/2022
218061,Man,,Fitness Card 2021/2022
227709,,Vrouw,Fitness Card 2021/2022
229481,Man,,Fitness Card 2021/2022
232848,,Vrouw,Fitness Card 2021/2022
233650,,Vrouw,Fitness Card 2021/2022
227167,Man,,Fitness Card 2021/2022
181438,Man,,Fitness Card 2021/2022
222270,Man,,Fitness Card 2021/2022
232775,Man,,Fitness Card 2021/2022
233343,Man,,Fitness Card 2021/2022
230238,Man,,Fitness Card 2021/2022
231001,Man,,Fitness Card 2021/2022
233696,,Vrouw,Fitness Card 2021/2022
233699,Man,,Fitness Card 2021/2022
229547,,Vrouw,Fitness Card 2021/2022
233499,,Vrouw,Fitness Card 2021/2022
200465,Man,,Fitness Card 2021/2022
233712,Man,,Fitness Card 2021/2022
229741,Man,,Fitness Card 2021/2022
216652,,Vrouw,Fitness Card 2021/2022
193722,,Vrouw,Fitness Card 2021/2022
232610,,,Fitness Card 2021/2022
227852,,Vrouw,Fitness Card 2021/2022
233752,,Vrouw,Fitness Card 2021/2022
229447,Man,,Fitness Card 2021/2022
228790,Man,,Fitness Card 2021/2022
232558,,Vrouw,Fitness Card 2021/2022
233771,Man,,Fitness Card 2021/2022
230328,Man,,Fitness Card 2021/2022
216129,Man,,Fitness Card 2021/2022
233781,Man,,Fitness Card 2021/2022
226975,Man,,Fitness Card 2021/2022
233625,Man,,Fitness Card 2021/2022
208737,,Vrouw,Fitness Card 2021/2022
213122,,Vrouw,Fitness Card 2021/2022
216097,Man,,Fitness Card 2021/2022
231179,Man,,Fitness Card 2021/2022
232903,Man,,Fitness Card 2021/2022
205562,,Vrouw,Fitness Card 2021/2022
221825,,Vrouw,Fitness Card 2021/2022
233741,,Vrouw,Fitness Card 2021/2022
233836,,Vrouw,Fitness Card 2021/2022
217913,Man,,Fitness Card 2021/2022
229257,,Vrouw,Fitness Card 2021/2022
229258,Man,,Fitness Card 2021/2022
233850,Man,,Fitness Card 2021/2022
227423,Man,,Fitness Card 2021/2022
229250,Man,,Fitness Card 2021/2022
215909,Man,,Fitness Card 2021/2022
221597,Man,,Fitness Card 2021/2022
217808,Man,,Fitness Card 2021/2022
228427,Man,,Fitness Card 2021/2022
214876,,Vrouw,Fitness Card 2021/2022
179814,Man,,Fitness Card 2021/2022
233877,,Vrouw,Fitness Card 2021/2022
233855,Man,,Fitness Card 2021/2022
226880,Man,,Fitness Card 2021/2022
233115,Man,,Fitness Card 2021/2022
233617,Man,,Fitness Card 2021/2022
206022,Man,,Fitness Card 2021/2022
233939,Man,,Fitness Card 2021/2022
215973,Man,,Fitness Card 2021/2022
227501,Man,,Fitness Card 2021/2022
228821,Man,,Fitness Card 2021/2022
212774,,Vrouw,Fitness Card 2021/2022
233993,Man,,Fitness Card 2021/2022
233972,Man,,Fitness Card 2021/2022
212349,Man,,Fitness Card 2021/2022
234073,Man,,Fitness Card 2021/2022
234085,Man,,Fitness Card 2021/2022
218426,Man,,Fitness Card 2021/2022
234105,Man,,Fitness Card 2021/2022
228569,,Vrouw,Fitness Card 2021/2022
234126,,Vrouw,Fitness Card 2021/2022
188458,Man,,Fitness Card 2021/2022
229945,Man,,Fitness Card 2021/2022
234149,,Vrouw,Fitness Card 2021/2022
204044,,Vrouw,Fitness Card 2021/2022
234168,Man,,Fitness Card 2021/2022
204024,Man,,Fitness Card 2021/2022
214621,Man,,Fitness Card 2021/2022
219640,Man,,Fitness Card 2021/2022
223473,Man,,Fitness Card 2021/2022
214940,Man,,Fitness Card 2021/2022
201823,Man,,Fitness Card 2021/2022
180388,,Vrouw,Fitness Card 2021/2022
234204,,Vrouw,Fitness Card 2021/2022
199096,Man,,Fitness Card 2021/2022
208888,Man,,Fitness Card 2021/2022
226479,Man,,Fitness Card 2021/2022
234019,Man,,Fitness Card 2021/2022
223477,,Vrouw,Fitness Card 2021/2022
220662,,Vrouw,Fitness Card 2021/2022
224662,Man,,Fitness Card 2021/2022
234250,,Vrouw,Fitness Card 2021/2022
215559,Man,,Fitness Card 2021/2022
229621,,Vrouw,Fitness Card 2021/2022
234240,Man,,Fitness Card 2021/2022
228292,Man,,Fitness Card 2021/2022
229278,Man,,Fitness Card 2021/2022
232332,Man,,Fitness Card 2021/2022
232332,Man,,Fitness Card 2021/2022
194815,,Vrouw,Fitness Card 2021/2022
226280,,Vrouw,Fitness Card 2021/2022
232597,,Vrouw,Fitness Card 2021/2022
232629,,Vrouw,Fitness Card 2021/2022
228798,Man,,Fitness Card 2021/2022
234341,Man,,Fitness Card 2021/2022
232893,Man,,Fitness Card 2021/2022
230926,Man,,Fitness Card 2021/2022
234332,,Vrouw,Fitness Card 2021/2022
229296,Man,,Fitness Card 2021/2022
234368,,Vrouw,Fitness Card 2021/2022
234369,Man,,Fitness Card 2021/2022
224729,Man,,Fitness Card 2021/2022
234205,Man,,Fitness Card 2021/2022
234405,Man,,Fitness Card 2021/2022
217496,Man,,Fitness Card 2021/2022
173974,Man,,Fitness Card 2021/2022
226805,Man,,Fitness Card 2021/2022
207575,Man,,Fitness Card 2021/2022
216210,Man,,Fitness Card 2021/2022
226821,Man,,Fitness Card 2021/2022
234464,Man,,Fitness Card 2021/2022
206537,Man,,Fitness Card 2021/2022
199157,Man,,Fitness Card 2021/2022
233058,Man,,Fitness Card 2021/2022
234028,Man,,Fitness Card 2021/2022
233725,Man,,Fitness Card 2021/2022
234547,Man,,Fitness Card 2021/2022
198071,Man,,Fitness Card 2021/2022
231366,Man,,Fitness Card 2021/2022
183138,Man,,Fitness Card 2021/2022
196077,Man,,Fitness Card 2021/2022
234567,,Vrouw,Fitness Card 2021/2022
214553,Man,,Fitness Card 2021/2022
212848,Man,,Fitness Card 2021/2022
234615,,Vrouw,Fitness Card 2021/2022
234638,Man,,Fitness Card 2021/2022
167436,,Vrouw,Fitness Card 2021/2022
184854,Man,,Fitness Card 2021/2022
234635,Man,,Fitness Card 2021/2022
234630,Man,,Fitness Card 2021/2022
234652,,Vrouw,Fitness Card 2021/2022
231682,Man,,Fitness Card 2021/2022
234634,,Vrouw,Fitness Card 2021/2022
234666,Man,,Fitness Card 2021/2022
228001,Man,,Fitness Card 2021/2022
202071,Man,,Fitness Card 2021/2022
202510,Man,,Fitness Card 2021/2022
225547,,Vrouw,Fitness Card 2021/2022
225930,Man,,Fitness Card 2021/2022
221016,,Vrouw,Fitness Card 2021/2022
197631,,Vrouw,Fitness Card 2021/2022
231638,Man,,Fitness Card 2021/2022
194003,,Vrouw,Fitness Card 2021/2022
212380,,Vrouw,Fitness Card 2021/2022
217803,Man,,Fitness Card 2021/2022
230837,Man,,Fitness Card 2021/2022
210371,Man,,Fitness Card 2021/2022
234759,Man,,Fitness Card 2021/2022
221996,,Vrouw,Fitness Card 2021/2022
234550,Man,,Fitness Card 2021/2022
221743,,Vrouw,Fitness Card 2021/2022
233167,Man,,Fitness Card 2021/2022
204317,,Vrouw,Fitness Card 2021/2022
185526,Man,,Fitness Card 2021/2022
172290,Man,,Fitness Card 2021/2022
229310,,,Fitness Card 2021/2022
230381,,Vrouw,Fitness Card 2021/2022
213691,Man,,Fitness Card 2021/2022
231616,,Vrouw,Fitness Card 2021/2022
234744,Man,,Fitness Card 2021/2022
193710,Man,,Fitness Card 2021/2022
234815,,Vrouw,Fitness Card 2021/2022
221626,,Vrouw,Fitness Card 2021/2022
234625,Man,,Fitness Card 2021/2022
226454,Man,,Fitness Card 2021/2022
215894,Man,,Fitness Card 2021/2022
234847,Man,,Fitness Card 2021/2022
221852,Man,,Fitness Card 2021/2022
197560,Man,,Fitness Card 2021/2022
231312,Man,,Fitness Card 2021/2022
234822,Man,,Fitness Card 2021/2022
232130,Man,,Fitness Card 2021/2022
234889,,Vrouw,Fitness Card 2021/2022
231352,Man,,Fitness Card 2021/2022
222195,Man,,Fitness Card 2021/2022
223731,Man,,Fitness Card 2021/2022
191293,Man,,Fitness Card 2021/2022
234721,Man,,Fitness Card 2021/2022
223050,Man,,Fitness Card 2021/2022
232088,,Vrouw,Fitness Card 2021/2022
234779,Man,,Fitness Card 2021/2022
193139,Man,,Fitness Card 2021/2022
230062,Man,,Fitness Card 2021/2022
234959,Man,,Fitness Card 2021/2022
172816,Man,,Fitness Card 2021/2022
234604,Man,,Fitness Card 2021/2022
234814,Man,,Fitness Card 2021/2022
234981,Man,,Fitness Card 2021/2022
229099,Man,,Fitness Card 2021/2022
234987,Man,,Fitness Card 2021/2022
234990,Man,,Fitness Card 2021/2022
230403,,Vrouw,Fitness Card 2021/2022
235017,Man,,Fitness Card 2021/2022
234598,Man,,Fitness Card 2021/2022
217576,Man,,Fitness Card 2021/2022
199671,Man,,Fitness Card 2021/2022
231815,Man,,Fitness Card 2021/2022
225922,Man,,Fitness Card 2021/2022
235088,,Vrouw,Fitness Card 2021/2022
195924,Man,,Fitness Card 2021/2022
203285,Man,,Fitness Card 2021/2022
213627,Man,,Fitness Card 2021/2022
219102,Man,,Fitness Card 2021/2022
210702,Man,,Fitness Card 2021/2022
230487,Man,,Fitness Card 2021/2022
222635,,Vrouw,Fitness Card 2021/2022
234146,Man,,Fitness Card 2021/2022
228587,,Vrouw,Fitness Card 2021/2022
172840,,Vrouw,Fitness Card 2021/2022
235060,Man,,Fitness Card 2021/2022
186769,Man,,Fitness Card 2021/2022
231080,Man,,Fitness Card 2021/2022
235155,Man,,Fitness Card 2021/2022
235152,Man,,Fitness Card 2021/2022
229922,Man,,Fitness Card 2021/2022
231479,,Vrouw,Fitness Card 2021/2022
235002,Man,,Fitness Card 2021/2022
235174,Man,,Fitness Card 2021/2022
235176,Man,,Fitness Card 2021/2022
213472,Man,,Fitness Card 2021/2022
234266,Man,,Fitness Card 2021/2022
235131,Man,,Fitness Card 2021/2022
212575,Man,,Fitness Card 2021/2022
228628,,Vrouw,Fitness Card 2021/2022
235195,Man,,Fitness Card 2021/2022
231101,,Vrouw,Fitness Card 2021/2022
234821,Man,,Fitness Card 2021/2022
235150,Man,,Fitness Card 2021/2022
235217,Man,,Fitness Card 2021/2022
235229,,Vrouw,Fitness Card 2021/2022
235231,Man,,Fitness Card 2021/2022
228616,Man,,Fitness Card 2021/2022
231798,,Vrouw,Fitness Card 2021/2022
233035,Man,,Fitness Card 2021/2022
202979,Man,,Fitness Card 2021/2022
227176,Man,,Fitness Card 2021/2022
235253,Man,,Fitness Card 2021/2022
234986,Man,,Fitness Card 2021/2022
235271,Man,,Fitness Card 2021/2022
234378,Man,,Fitness Card 2021/2022
235255,,Vrouw,Fitness Card 2021/2022
232901,Man,,Fitness Card 2021/2022
235289,Man,,Fitness Card 2021/2022
220098,,Vrouw,Fitness Card 2021/2022
235293,Man,,Fitness Card 2021/2022
233903,Man,,Fitness Card 2021/2022
230375,,Vrouw,Fitness Card 2021/2022
194920,,Vrouw,Fitness Card 2021/2022
189941,Man,,Fitness Card 2021/2022
228754,,Vrouw,Fitness Card 2021/2022
228102,,Vrouw,Fitness Card 2021/2022
206492,,,Fitness Card 2021/2022
217378,Man,,Fitness Card 2021/2022
233266,Man,,Fitness Card 2021/2022
235370,,Vrouw,Fitness Card 2021/2022
199133,,Vrouw,Fitness Card 2021/2022
185857,Man,,Fitness Card 2021/2022
230075,,Vrouw,Fitness Card 2021/2022
230521,,Vrouw,Fitness Card 2021/2022
229483,,Vrouw,Fitness Card 2021/2022
235434,Man,,Fitness Card 2021/2022
226840,,Vrouw,Fitness Card 2021/2022
226634,,Vrouw,Fitness Card 2021/2022
235451,Man,,Fitness Card 2021/2022
230244,Man,,Fitness Card 2021/2022
235426,Man,,Fitness Card 2021/2022
231685,Man,,Fitness Card 2021/2022
235495,Man,,Fitness Card 2021/2022
226239,Man,,Fitness Card 2021/2022
226903,,Vrouw,Fitness Card 2021/2022
232291,,Vrouw,Fitness Card 2021/2022
210170,Man,,Fitness Card 2021/2022
141567,Man,,Fitness Card 2021/2022
233799,,Vrouw,Fitness Card 2021/2022
222506,Man,,Fitness Card 2021/2022
194091,,Vrouw,Fitness Card 2021/2022
222763,Man,,Fitness Card 2021/2022
235573,,Vrouw,Fitness Card 2021/2022
193850,Man,,Fitness Card 2021/2022
231111,Man,,Fitness Card 2021/2022
234974,Man,,Fitness Card 2021/2022
232465,,Vrouw,Fitness Card 2021/2022
235592,Man,,Fitness Card 2021/2022
235449,Man,,Fitness Card 2021/2022
